YEAR,GP,MIN,"%FGA2PT","%FGA3PT","%PTS2PT","%PTS2PT MR","%PTS3PT","%PTSFBPS","%PTSFT","%PTSOFF TO","%PTSPITP","2FGM%AST","2FGM%UAS","3FGM%AST","3FGM%UAST","FGM%AST","FGM%UAST",TEAM
2020,72,48.6,60.8,39.2,52.5,13.2,34,11.3,13.5,13.9,39.3,52.4,47.6,84.9,15.1,62.2,37.8,Suns
2019,73,48.2,63.9,36.1,52.4,10.4,30.1,12.9,17.5,16.2,42,57.4,42.6,88.9,11.1,66.1,33.9,Suns
2021,82,48.1,64.6,35.4,55.9,12.5,30.3,10.9,13.8,15.7,43.3,55.2,44.8,83.2,16.8,62.7,37.3,Suns
2018,82,48.5,66.5,33.5,56.7,10.4,26.9,14.1,16.4,17,46.3,52.8,47.2,80.8,19.2,59.5,40.5,Suns
2017,82,48.1,68,32,56.1,11.8,26.9,13.8,17,14.4,44.3,46.7,53.3,82.3,17.7,55.3,44.7,Suns
2015,82,48.1,69.8,30.2,55.9,14.9,26.8,14.3,17.3,16.4,41.1,47,53,83.2,16.8,55.8,44.2,Suns
2013,82,48.2,70,30,55.8,15.7,26.6,17.8,17.6,16.8,40.1,38.8,61.2,82.4,17.6,49.3,50.7,Suns
2005,82,48.7,70.7,29.3,58.4,23.8,28.3,14.8,13.4,15.7,34.5,56.9,43.1,84,16,63.5,36.5,Suns
2014,82,48.5,70.9,29.1,59.1,17.3,24.9,17.8,16,17.3,41.8,44.3,55.7,80.2,19.8,52.2,47.8,Suns
2004,82,48.2,71.1,28.9,56.4,17.3,26.4,16.7,17.2,14.9,39.1,48.3,51.7,86.9,13.1,57.5,42.5,Suns
2006,82,48.5,71.3,28.7,57.6,17.9,26.1,15.4,16.3,15.8,39.7,55.7,44.3,85.6,14.4,62.6,37.4,Suns
2010,82,48.8,72.9,27.1,58.5,18.7,24.4,13.2,17.1,15.1,39.8,53.1,46.9,86.9,13.1,60.4,39.6,Suns
2009,82,48.1,73.9,26.1,57.7,16.6,24.2,14.5,18,13.3,41.2,50.9,49.1,80.1,19.9,57.3,42.7,Suns
2007,82,48.2,74,26,59.8,19.4,23.1,15.8,17.2,14.4,40.4,60,40,81.8,18.2,64.5,35.5,Suns
2016,82,48.4,74.5,25.5,60.1,16.1,20.9,18,19,16.4,44.1,42.1,57.9,79,21,49.1,50.9,Suns
2011,66,48,76.2,23.8,63.2,22.1,20.5,12.9,16.3,15.3,41.1,54.9,45.1,81.1,18.9,59.6,40.4,Suns
2008,82,48.2,78.4,21.6,62.8,15.4,18.5,16.1,18.7,15.2,47.5,52,48,79.6,20.4,56.5,43.5,Suns
1996,82,48.4,78.7,21.3,62.1,19.4,18.8,14.9,19.2,16.7,42.7,62.3,37.7,82.7,17.3,65.8,34.2,Suns
2012,82,48.3,79,21,66.1,23.7,18.4,14.1,15.4,16.9,42.5,56.4,43.6,83.1,16.9,60.6,39.4,Suns
1999,82,48.3,81.6,18.4,65,22.4,16.9,14.4,18.1,18.8,42.6,63.2,36.8,94.3,5.7,67.8,32.2,Suns
2003,82,48.1,82,18,65.9,20.8,16.1,14,18,18.5,45.1,48.2,51.8,87,13,53.6,46.4,Suns
1997,82,48.7,82,18,66.3,24.5,15.8,14.6,17.9,18.6,41.8,64.2,35.8,89.8,10.2,67.7,32.3,Suns
1998,50,48.2,82.5,17.5,64.3,25.7,16.4,14.9,19.3,18.4,38.6,65.4,34.6,93.9,6.1,69.5,30.5,Suns
2002,82,48.3,83,17,66.7,23.6,15.1,11.5,18.3,18.7,43,53,47,85,15,57.2,42.8,Suns
2001,82,48.4,84.2,15.8,70.2,24.7,13.8,13,16,16.9,45.6,56.7,43.3,79.6,20.4,59.3,40.7,Suns
2000,82,48.3,84.4,15.6,67.8,28.1,12.9,15.1,19.3,19.8,39.7,61.5,38.5,89.8,10.2,64.7,35.3,Suns
2021,82,48.1,61,39,50.2,10.1,33.9,8.5,15.9,13.7,40.1,52.9,47.1,73.5,26.5,59.3,40.7,Hawks
2018,82,48.4,59.7,40.3,50,4.9,34.4,13.4,15.5,15,45.1,53.3,46.7,82.4,17.6,62.4,37.6,Hawks
2017,82,48.1,63.7,36.3,52.2,12.3,32.5,10,15.3,17.2,40,52,48,86.8,13.2,62.2,37.8,Hawks
2016,82,48.5,69.1,30.9,56.6,15.2,25.9,11.8,17.5,15.8,41.4,54.2,45.8,87.9,12.1,62.1,37.9,Hawks
2015,82,48.4,66.4,33.6,55.8,13.6,29,14.3,15.2,18,42.2,58.2,41.8,89.6,10.4,66.3,33.7,Hawks
2014,82,48.1,67.9,32.1,54.8,14.4,29.2,13,16,17.9,40.4,59.1,40.9,91.8,8.2,67.6,32.4,Hawks
2013,82,48.4,68.4,31.6,55.4,14.7,27.8,13.7,16.8,17.2,40.6,59.8,40.2,87.2,12.8,66.7,33.3,Hawks
2012,82,48.4,71.4,28.6,59.2,17.2,26.4,18.1,14.4,17.4,42.1,58.5,41.5,87.4,12.6,65.1,34.9,Hawks
2010,82,48.1,77.8,22.2,63.4,24.5,19.3,15,17.3,15,38.9,55,45,88.2,11.8,60.7,39.3,Hawks
2009,82,48.4,78.6,21.4,63.7,19.9,18.9,15.9,17.4,16.5,43.8,51,49,82.8,17.2,56.2,43.8,Hawks
2008,82,48.1,74.7,25.3,58.6,18.1,22.3,15.9,19.1,15.8,40.5,48.3,51.7,86.8,13.2,56.1,43.9,Hawks
2007,82,48.4,83.5,16.5,64.3,20.5,14.3,17.1,21.4,16.1,43.8,57.2,42.8,83.6,16.4,60.6,39.4,Hawks
2006,82,48.5,83.7,16.3,64.8,23.6,13.3,12.6,21.8,17.4,41.3,51.8,48.2,83.3,16.7,55.6,44.4,Hawks
2005,82,48.5,82.2,17.8,63.3,21.5,16,11.4,20.8,17.1,41.8,50.4,49.6,83.7,16.3,55.2,44.8,Hawks
2004,82,48.4,85.4,14.6,69.4,22.4,12,12.6,18.6,17.5,47,51.1,48.9,87.2,12.8,54.9,45.1,Hawks
2003,82,48.5,80.9,19.1,63.3,23.3,16.5,13.1,20.2,16.1,40.1,53.7,46.3,84.5,15.5,58.3,41.7,Hawks
2002,82,48.5,82.3,17.7,63.7,26.5,15.6,13.5,20.7,15.1,37.2,54.3,45.7,85.6,14.4,58.7,41.3,Hawks
2001,82,48.2,81.9,18.1,64.3,21.9,16.5,15.8,19.3,18,42.4,52.5,47.5,83.9,16.1,57,43,Hawks
2000,82,48.1,86,14,68.2,28.3,13.4,12.1,18.4,16.8,39.8,50.7,49.3,81.1,18.9,54.2,45.8,Hawks
1999,82,48.4,88,12,70.9,31.4,10,14.7,19.1,13.9,39.5,48.9,51.1,80.6,19.4,51.6,48.4,Hawks
1997,82,48.5,84,16,64.9,23.7,12.9,11.4,22.3,16.1,41.1,51.6,48.4,74.8,25.2,54.3,45.7,Hawks
1996,82,48.3,70.9,29.1,55.4,18.3,25.4,9.4,19.2,18.8,37,50.5,49.5,71.2,28.8,55.4,44.6,Hawks
2020,72,48.3,61.8,38.2,49.9,7.8,32.8,8.8,17.3,12.9,42,50.4,49.6,79.1,20.9,59.1,40.9,Hawks
2019,67,48.6,60.2,39.8,51.2,6.1,32.3,11.5,16.5,15,45.1,52.5,47.5,74.3,25.7,58.9,41.1,Hawks
2011,66,49,75.1,24.9,60.8,19.5,23.2,16.4,16.1,17.7,41.3,53.2,46.8,91.5,8.5,61,39,Hawks
1998,50,48.3,82.9,17.1,62.2,23.6,13.7,12.1,24.1,16.3,38.6,47.7,52.3,71.6,28.4,50.7,49.3,Hawks
2021,82,48.5,57.5,42.5,49.2,7.6,35.5,9.9,15.2,14.6,41.6,51.2,48.8,81.3,18.7,60.9,39.1,Celtics
2018,82,48.2,61.9,38.1,52.5,12.7,33.6,14.5,13.9,16.1,39.8,52.7,47.3,85.4,14.6,62.4,37.6,Celtics
2017,82,48.3,64.3,35.7,51.6,13.4,33,9.1,15.3,14.8,38.3,49,51,81.3,18.7,58.6,41.4,Celtics
2016,82,48.2,60.7,39.3,49.3,10.6,33.4,11.5,17.3,15.1,38.7,57,43,83.7,16.3,65.3,34.7,Celtics
2015,82,48.2,70.7,29.3,57.7,14.2,24.8,15.4,17.5,17.8,43.4,54.6,45.4,85.9,14.1,61.6,38.4,Celtics
2014,82,48.5,72,28,60.9,19.7,23.8,13.7,15.2,17.1,41.2,56.5,43.5,87.7,12.3,62.9,37.1,Celtics
2013,82,48.1,74.9,25.1,61.4,22.1,21.9,12.5,16.8,16.5,39.3,51.1,48.9,85.2,14.8,57.6,42.4,Celtics
2010,82,48.2,82,18,66.1,23.1,15.5,13,18.4,16.7,43,59.7,40.3,88.2,11.8,63.5,36.5,Celtics
2009,82,48.2,77.2,22.8,62.4,18,18.4,14.4,19.2,17.5,44.5,58.5,41.5,89,11,63.5,36.5,Celtics
2008,82,48.5,78.6,21.4,61.3,19.9,19.5,11.6,19.2,17.1,41.4,54.1,45.9,91.1,8.9,60.6,39.4,Celtics
2007,82,48.2,75.1,24.9,58,19.3,21.7,11,20.3,18.8,38.6,54.9,45.1,87.4,12.6,61.4,38.6,Celtics
2006,82,48.4,80.1,19.9,60.8,20.1,18,12.5,21.3,18.1,40.7,49.9,50.1,93,7,57,43,Celtics
2005,82,48.5,79.6,20.4,61.8,21.4,17.4,12.4,20.7,15.7,40.4,52.3,47.7,89.5,10.5,58.1,41.9,Celtics
2004,82,48.5,80.8,19.2,62.8,19.8,15.8,14.6,21.4,17.5,43,54.3,45.7,89.9,10.1,59.4,40.6,Celtics
2003,82,48.1,75.1,24.9,58.6,21.7,21.2,12.5,20.1,19.4,36.9,52.4,47.6,87.5,12.5,59.2,40.8,Celtics
2002,82,48.4,66.9,33.1,52.1,14.9,28.4,9.6,19.5,18.5,37.2,49.6,50.4,82.3,17.7,58.3,41.7,Celtics
2001,82,48.4,71.1,28.9,54.5,17.8,26.5,12.9,19,17.5,36.7,51.2,48.8,88.6,11.4,60.4,39.6,Celtics
2000,82,48.4,74.8,25.2,56.2,18.6,22.9,10.7,20.9,19,37.7,53.2,46.8,92.6,7.4,61.6,38.4,Celtics
1999,82,48.1,81.7,18.3,64.7,21.8,15.4,13,19.9,18.4,42.9,51.5,48.5,91.6,8.4,57,43,Celtics
1997,82,48.1,82,18,66,22.9,15.8,15.9,18.1,23.2,43.1,56.9,43.1,81.4,18.6,60.3,39.7,Celtics
1996,82,48.5,80.9,19.1,63,18.2,17,16.4,20,20.3,44.9,54.2,45.8,82.2,17.8,58.4,41.6,Celtics
2012,81,49,78.5,21.5,64,24.6,19.1,13.8,16.9,17.3,39.4,55.5,44.5,91.4,8.6,61.4,38.6,Celtics
2020,72,48.3,59.1,40.9,49.5,8.4,36.2,10.5,14.3,15.8,41.1,47.8,52.2,74.6,25.4,56.6,43.4,Celtics
2019,72,48.4,61.4,38.6,50.5,8.5,33.2,13.4,16.3,15.5,42,49.1,50.9,70.7,29.3,55.7,44.3,Celtics
2011,66,48.3,80.6,19.4,65.3,27.2,18,13.1,16.8,17.7,38.1,62,38,90.9,9.1,66.5,33.5,Celtics
1998,50,48.6,81.8,18.2,66.4,22.2,17.6,14.8,16,19.8,44.2,53.2,46.8,92.3,7.7,59.1,40.9,Celtics
2021,82,48.2,64.1,35.9,54.1,13.4,30.5,12.2,15.5,13.9,40.7,54.1,45.9,76.4,23.6,60.2,39.8,Nets
2018,82,48.7,59.7,40.3,49,5.5,34.1,10.4,16.9,13.7,43.4,50.8,49.2,77.4,22.6,59.2,40.8,Nets
2017,82,48.4,58.9,41.1,47.9,6.8,35.7,10,16.3,13.3,41.1,50.7,49.3,84.4,15.6,61.9,38.1,Nets
2016,82,48.2,62.9,37.1,51.3,7.9,30.3,13.2,18.4,14.2,43.4,45.4,54.6,85.1,14.9,56.6,43.4,Nets
2015,82,48.2,78.2,21.8,64.4,17.6,19.7,11.6,15.9,15.2,46.8,53,47,84.4,15.6,58.3,41.7,Nets
2014,82,48.6,76,24,62.9,16.9,20.2,9.6,16.9,14.6,46,48.8,51.2,89.1,10.9,55.9,44.1,Nets
2013,82,48.5,69.9,30.1,55,16,26.3,9.4,18.7,18.9,39,49.1,50.9,88,12,58.5,41.5,Nets
2012,82,48.4,73.1,26.9,58.3,15.5,23.7,9.3,18,16.4,42.7,48.4,51.6,87.1,12.9,56.7,43.3,Nets
2010,82,48.8,79.9,20.1,63.7,22.3,17.8,12,18.5,14.2,41.4,55,45,80.8,19.2,59,41,Nets
2009,82,48.2,81.9,18.1,64.3,20.8,14.9,14,20.8,16.2,43.5,49.6,50.4,88.1,11.9,54.7,45.3,Nets
2008,82,48.4,73.5,26.5,56.5,18.6,24.3,11.3,19.2,15.5,37.9,47.8,52.2,84.2,15.8,55.9,44.1,Nets
2007,82,48.4,77.8,22.2,60,21.7,19,13.6,21,15.1,38.3,63.2,36.8,87.3,12.7,67.4,32.6,Nets
2006,82,48.5,73.7,26.3,57.6,20,22.8,13.6,19.6,17.1,37.5,60.9,39.1,91.6,8.4,67.4,32.6,Nets
2005,82,48.2,77.1,22.9,59.8,24.3,18.6,13.7,21.6,17.2,35.6,63.4,36.6,89.3,10.7,67.8,32.2,Nets
2004,82,48.5,81.3,18.7,61.8,27.8,17.4,11.7,20.7,19.3,34.1,59.7,40.3,89,11,64.4,35.6,Nets
2003,82,48.1,82.4,17.6,65.8,22.9,15.3,17.3,18.9,18.6,42.9,68.7,31.3,88.9,11.1,71.4,28.6,Nets
2002,82,48.2,84.2,15.8,65.5,22.2,13.3,19.6,21.3,19.2,43.3,61.7,38.3,89,11,64.9,35.1,Nets
2001,82,48.4,82.5,17.5,66.9,22.5,15.3,18.1,17.8,18.1,44.4,62,38,87.6,12.4,65.4,34.6,Nets
2000,82,48.1,83.5,16.5,64.1,22.5,14.3,12.8,21.6,18.4,41.6,54.3,45.7,79.8,20.2,57.6,42.4,Nets
1999,82,48.4,80,20,62.3,25.4,17.8,12.3,19.9,19.4,36.9,50.5,49.5,89.1,10.9,56.7,43.3,Nets
1997,82,48.5,86.5,13.5,67.2,26.2,11.4,14,21.4,20.1,41,51.2,48.8,90.3,9.7,55.2,44.8,Nets
1996,82,48.2,80.7,19.3,63,21.3,18.2,15,18.8,17.9,41.6,53.7,46.3,78.3,21.7,57.6,42.4,Nets
2020,72,48.3,58.7,41.3,48.9,7.4,35.8,12.1,15.3,13.3,41.5,53.6,46.4,79.5,20.5,62.1,37.9,Nets
2019,72,48.6,57.7,42.3,48.9,4.5,35.1,11.7,16,13.2,44.3,51.8,48.2,78.9,21.1,60.6,39.4,Nets
2011,66,48.2,72.2,27.8,57.1,21.2,24.8,11.9,18.1,17.2,36,51.9,48.1,78.9,21.1,58,42,Nets
1998,50,48.2,83.7,16.3,64.2,24.8,14.8,16.1,21.1,18.2,39.4,50.8,49.2,79.1,20.9,54.6,45.4,Nets
2021,82,48.5,58.2,41.8,50,5.5,36.3,14.1,13.7,16.1,44.6,55.9,44.1,85.7,14.3,65.6,34.4,Hornets
2018,82,48.4,62.2,37.8,51.1,8.9,32.3,10.6,16.6,14.5,42.2,49.4,50.6,77.7,22.3,57.8,42.2,Hornets
2017,82,48.2,68.6,31.4,53.5,13.1,27.9,8.6,18.7,14.9,40.4,48.3,51.7,75.6,24.4,55.4,44.6,Hornets
2016,82,48.4,66.5,33.5,52.8,14.7,28.7,9,18.5,14.2,38,54.5,45.5,79.5,20.5,61.1,38.9,Hornets
2015,82,48.4,65.2,34.8,51,14.7,30.9,10.7,18.1,15.4,36.3,48.2,51.8,84.2,15.8,58.6,41.4,Hornets
2014,82,48.5,77.4,22.6,62.6,23.8,19.3,9.7,18.1,14.2,38.8,52.1,47.9,79.3,20.7,56.8,43.2,Hornets
2013,82,48.5,78.1,21.9,61.9,20.2,19.5,10.5,18.6,14.8,41.7,53.9,46.1,87.4,12.6,59.7,40.3,Hornets
2012,82,48.3,79,21,61.5,20.1,18.4,16.8,20.2,15.5,41.3,50.7,49.3,83.8,16.2,56.2,43.8,Hornets
2010,82,48.3,81.1,18.9,64.8,20.8,15.4,12.8,19.8,15.9,44.1,56,44,86,14,60.1,39.9,Hornets
2009,82,48.5,78.9,21.1,61.4,16.1,17.7,14.9,21,18.5,45.3,52.6,47.4,86.1,13.9,58,42,Hornets
2008,82,48.6,78.7,21.3,61.9,19,19.1,10.8,19,18.4,42.9,53.9,46.1,93.9,6.1,60.7,39.3,Hornets
2007,82,48.5,78,22,61.1,19.6,19.9,12.6,19,16.5,41.5,52.6,47.4,88.8,11.2,59.1,40.9,Hornets
2006,82,48.8,80.7,19.3,63,22.6,17.3,9.9,19.7,17.1,40.4,56.5,43.5,92.1,7.9,62,38,Hornets
2005,82,48.5,81.6,18.4,63.8,23.2,16.2,13.5,20.1,19.9,40.6,52.7,47.3,89.3,10.7,58,42,Hornets
2004,82,48.5,87.2,12.8,68.3,29.2,12.4,11.2,19.2,17.6,39.2,57,43,90.3,9.7,60.6,39.4,Hornets
2001,82,48.2,84.9,15.1,66.2,25.9,13.5,13.5,20.4,16.1,40.2,58,42,81.2,18.8,60.8,39.2,Hornets
2000,82,48.5,84.9,15.1,65.3,28.3,13.5,14.7,21.2,16.8,37,65,35,88.5,11.5,67.9,32.1,Hornets
1999,82,48.2,84.7,15.3,64.3,25.2,12.6,15.3,23.1,17.8,39.1,66.1,33.9,90.9,9.1,68.9,31.1,Hornets
1997,82,48.2,85.8,14.2,66.2,24,13.1,14.6,20.7,17.4,42.2,62.2,37.8,89.9,10.1,65.4,34.6,Hornets
1996,82,48.3,78.2,21.8,59.1,20.6,21.9,11.1,19,16.9,38.5,62.7,37.3,87.6,12.4,67.6,32.4,Hornets
2020,72,48.2,57.8,42.2,48,6,37.5,12.4,14.5,16.2,42,58.9,41.1,83.1,16.9,67.2,32.8,Hornets
2011,66,48.2,83.1,16.9,67.3,26.8,13.7,14.7,19,16.4,40.5,58.4,41.6,75.7,24.3,60.5,39.5,Hornets
2019,65,48.5,60.1,39.9,49.1,3.9,35.2,11.3,15.7,15.7,45.2,56,44,80.3,19.7,63.9,36.1,Hornets
1998,50,48.6,80.2,19.8,60.4,23.9,17.3,13.5,22.3,18.4,36.6,62.4,37.6,87.7,12.3,66.4,33.6,Hornets
2021,82,48.1,66.8,33.2,55.7,14.7,28.6,11.4,15.7,14.7,41,47.6,52.4,85.2,14.8,57.2,42.8,Bulls
2018,82,48.5,70.5,29.5,58.6,10.2,26,11.5,15.4,14.5,48.4,46.5,53.5,83.8,16.2,55,45,Bulls
2017,82,48.4,65,35,53.6,13.1,32.2,11.4,14.1,14.6,40.6,51,49,84.8,15.2,60.7,39.3,Bulls
2016,82,48.2,74.4,25.6,60.4,18.3,22.2,13.4,17.5,15.2,42.1,51.3,48.7,87.5,12.5,58.4,41.6,Bulls
2015,82,48.5,75.6,24.4,60.3,20,23.4,10,16.2,13.1,40.3,51.5,48.5,88.5,11.5,59.1,40.9,Bulls
2014,82,48.5,73.1,26.9,57,16.3,23.4,10.9,19.6,13.6,40.7,52.5,47.5,84.2,15.8,59.3,40.7,Bulls
2013,82,48.6,77.8,22.2,60.8,21,19.8,10.5,19.3,16.4,39.8,61.1,38.9,85.4,14.6,65.4,34.6,Bulls
2012,82,48.4,81.1,18.9,64.9,22.2,17.5,10.9,17.6,16.1,42.7,61,39,83.9,16.1,64.5,35.5,Bulls
2010,82,48.4,78.5,21.5,62.6,20.1,19,13.7,18.4,16.1,42.5,54.8,45.2,86.3,13.7,60.1,39.9,Bulls
2009,82,48.5,84.4,15.6,68.3,26.7,13.2,14.5,18.5,14.7,41.5,51,49,88.4,11.6,55.3,44.7,Bulls
2008,82,48.6,81.1,18.9,62.9,25.8,17.7,14.7,19.5,16.7,37,50.5,49.5,81.7,18.3,55.4,44.6,Bulls
2007,82,48.3,81,19,63,26.3,17.8,11.5,19.2,16.6,36.7,55.6,44.4,87.3,12.7,60.6,39.4,Bulls
2006,82,48.2,81.4,18.6,63.4,27.2,17.8,12.4,18.9,19.3,36.1,56.2,43.8,81,19,60.1,39.9,Bulls
2005,82,48.5,78.1,21.9,60.9,24.9,20.9,9.9,18.1,16.7,36,55.2,44.8,81.3,18.8,60.1,39.9,Bulls
2004,82,48.4,78.3,21.7,60.4,21.4,19.8,10.5,19.8,17.8,39,56.9,43.1,80.6,19.4,61.2,38.8,Bulls
2003,82,48.4,81.4,18.6,64.4,25.9,17.5,11.6,18.1,16.9,38.5,61.4,38.6,79,21,64.1,35.9,Bulls
2002,82,48.6,85.2,14.8,67.9,21.5,13.4,12.9,18.7,15.8,46.4,56.2,43.8,84.8,15.2,59.6,40.4,Bulls
2001,82,48.3,86.6,13.4,68.5,31.3,12.3,12.7,19.3,16.6,37.1,61.7,38.3,89,11,64.6,35.4,Bulls
2000,82,48.4,85.2,14.8,66.6,27.5,13.7,11.7,19.6,17.7,39.1,63.4,36.6,89.4,10.6,66.5,33.5,Bulls
1999,82,48.3,83.3,16.7,64,22.6,14.7,8.7,21.3,17.2,41.5,60.3,39.7,86.8,13.2,63.8,36.2,Bulls
1997,82,48.4,85.9,14.1,69.4,29.2,11.8,13.6,18.8,18.4,40.2,61.1,38.9,86.5,13.5,63.7,36.3,Bulls
1996,82,48.1,79.7,20.3,65.1,29.6,18.6,12,16.3,18,35.6,62.1,37.9,82.6,17.4,65.4,34.6,Bulls
2020,72,48.3,61.7,38.3,53.5,8.9,34,10.4,12.5,13.1,44.6,54.9,45.1,83.8,16.2,63.5,36.5,Bulls
2011,66,48.3,79.5,20.5,64.4,22.9,19.8,14.1,15.8,15.4,41.5,58.1,41.9,80.7,19.3,61.9,38.1,Bulls
2019,65,48.2,60.4,39.6,51.3,5,34.3,13.9,14.5,19.8,46.3,48.7,51.3,81.2,18.8,58.7,41.3,Bulls
1998,50,48.3,84.1,15.9,66.5,25.7,13,11,20.5,19.3,40.8,62.5,37.5,93.8,6.2,66.1,33.9,Bulls
2021,82,48.1,61.3,38.7,52.1,7.2,32.3,10.4,15.6,14.7,44.9,55.6,44.4,82.2,17.8,63.4,36.6,Cavaliers
2018,82,48.2,66.8,33.2,54.7,12.1,29.7,10.1,15.7,13.8,42.6,43.5,56.5,80.2,19.8,53.2,46.8,Cavaliers
2017,82,48.1,62.1,37.9,51.3,11.4,32.4,11.3,16.4,14.6,39.9,47.8,52.2,81.9,18.1,57.9,42.1,Cavaliers
2016,82,48.5,60.1,39.9,48.8,13,35.4,11.7,15.8,13.3,35.8,44.1,55.9,82.9,17.1,56.7,43.3,Cavaliers
2015,82,48.4,64.8,35.2,53.6,14.3,30.9,11.4,15.6,15.6,39.3,48.1,51.9,86.3,13.7,58.7,41.3,Cavaliers
2014,82,48.2,66.6,33.4,53.5,13.8,29.3,11,17.2,15.5,39.7,50.9,49.1,80.3,19.7,58.7,41.3,Cavaliers
2013,82,48.6,76.4,23.6,60.9,20.9,21.8,10.9,17.4,15.3,40,51.3,48.7,82.2,17.8,57.2,42.8,Cavaliers
2012,82,48.1,77.1,22.9,61.8,20.6,20.7,10.5,17.4,17.5,41.2,50.9,49.1,82.1,17.9,56.6,43.4,Cavaliers
2010,82,48.2,77.6,22.4,60.7,18.4,19.5,14.8,19.8,14.8,42.3,54.2,45.8,84.7,15.3,59.6,40.4,Cavaliers
2009,82,48.2,75.2,24.8,59.7,16.6,21.6,13.7,18.7,15.1,43.1,55.1,44.9,76.2,23.8,59.2,40.8,Cavaliers
2008,82,48.2,74.1,25.9,57.5,22,23.9,11.4,18.5,17.2,35.6,48.4,51.6,79,21,55,45,Cavaliers
2007,82,48.4,76.9,23.1,60.4,20.8,21,12.3,18.7,14.5,39.5,49.8,50.2,82.1,17.9,55.8,44.2,Cavaliers
2006,82,48.5,78.9,21.1,62.6,21,18.7,12.7,18.7,17.2,41.6,51.9,48.1,84.6,15.4,57.4,42.6,Cavaliers
2005,82,48.4,77.2,22.8,60.3,18.1,18.6,12.9,21.1,15.5,42.1,48.2,51.8,80.3,19.7,53.6,46.4,Cavaliers
2004,82,48.4,86.5,13.5,68,24.4,11.4,13.2,20.6,18.3,43.6,59.9,40.1,79.7,20.3,61.9,38.1,Cavaliers
2003,82,48.4,88.4,11.6,70.2,25.1,9.7,13.9,20.1,15.7,45.1,59.5,40.5,87.9,12.1,61.9,38.1,Cavaliers
2002,82,48.4,86.7,13.3,68.2,25.2,11.7,15.4,20,16.6,43.1,57.2,42.8,85.3,14.7,60.1,39.9,Cavaliers
2001,82,48.4,84.4,15.6,65.6,29.7,14.9,12.3,19.6,14.2,35.8,60.1,39.9,91,9,64.1,35.9,Cavaliers
2000,82,48.4,89.9,10.1,70.6,27.4,8.7,14.2,20.6,17.4,43.2,56.4,43.6,91.4,8.6,59.1,40.9,Cavaliers
1999,82,48.4,86.4,13.6,66.3,24.5,12.9,17.5,20.8,18.3,41.7,62.3,37.7,87.8,12.2,65.2,34.8,Cavaliers
1997,82,48.4,87.1,12.9,66.4,22.4,11.8,14.4,21.8,20.9,44,64.2,35.8,93,7,67.2,32.8,Cavaliers
1996,82,48.4,78.5,21.5,61.9,24.6,20.2,9.4,17.9,20.8,37.4,59.4,40.6,81.6,18.4,63.4,36.6,Cavaliers
2020,72,48.4,65.3,34.7,55.1,5.9,28.9,10.9,16.1,15.7,49.1,54,46,84,16,61.8,38.2,Cavaliers
2011,66,48.4,76.3,23.8,59.3,14.2,21.5,11.3,19.2,15.6,45.1,51.6,48.4,83.6,16.4,57.9,42.1,Cavaliers
2019,65,48.4,63.8,36.2,54.5,8.4,31.4,9.9,14.1,13.4,46.1,47.2,52.8,83.5,16.5,57.3,42.7,Cavaliers
1998,50,48.2,85,15,63.9,23.8,12.6,12.9,23.5,20.6,40.1,67.4,32.6,89.6,10.4,70,30,Cavaliers
2021,82,48.2,56.1,43.9,48.5,8.8,36.3,9.3,15.1,13.8,39.7,50.2,49.8,78.3,21.7,59.5,40.5,Mavericks
2018,82,48.2,57.8,42.2,48.4,7.5,34.3,11.3,17.3,13.4,40.9,50.6,49.4,80.6,19.4,60.3,39.7,Mavericks
2017,82,48.3,61.8,38.2,51.5,13.6,34.6,9.7,13.9,14.4,37.9,49.1,50.9,82.4,17.6,59.4,40.6,Mavericks
2016,82,48.2,63.4,36.6,52.1,18.6,32.8,7.9,15.1,16.1,33.5,47.4,52.6,81.3,18.7,57.4,42.6,Mavericks
2015,82,48.8,66.1,33.9,53.8,16.7,28.8,11,17.3,15.6,37.1,50,50,85,15,59.2,40.8,Mavericks
2014,82,48.5,70.4,29.6,58.5,17.9,25.5,15.2,16.1,18.3,40.6,48.2,51.8,85.9,14.1,56.7,43.3,Mavericks
2013,82,48.4,72.6,27.4,58.8,18.9,25.2,11.7,16,16.4,39.9,52,48,86.1,13.9,59.6,40.4,Mavericks
2012,82,48.7,76.4,23.6,62.1,22.1,21.9,16,16,16,40.1,53.8,46.2,86,14,59.9,40.1,Mavericks
2010,82,48.1,72.6,27.4,59,21.9,23.5,14.8,17.5,15.2,37.1,56.5,43.5,90.5,9.5,63.7,36.3,Mavericks
2009,82,48.5,77.8,22.2,61.7,24.5,20,15.7,18.2,16.1,37.2,55.6,44.4,86.4,13.6,61.1,38.9,Mavericks
2008,82,48.3,75.9,24.1,61.3,26.7,20.5,14.9,18.2,15.1,34.6,50.6,49.4,85.1,14.9,56.9,43.1,Mavericks
2007,82,48.1,78.5,21.5,61.5,26.1,18,14.5,20.5,14.4,35.3,50.3,49.7,90.3,9.7,56.9,43.1,Mavericks
2006,82,48.2,78.2,21.8,60.4,25,19.6,13.4,20.1,17,35.3,46.9,53.1,88,12,54.2,45.8,Mavericks
2005,82,48.5,82.5,17.5,62.3,24.3,15.4,13.8,22.4,16.2,38,43.5,56.5,89.4,10.6,50,50,Mavericks
2004,82,48.1,81,19,61.7,24.1,16.5,14.4,21.7,17.7,37.7,47.2,52.8,83.4,16.6,52.6,47.4,Mavericks
2003,82,48.3,79.9,20.1,65.3,22.1,17.6,16.7,17.1,16.4,43.1,54.8,45.2,82.8,17.2,59.1,40.9,Mavericks
2002,82,48.2,76.1,23.9,59.8,22.9,22.6,13.9,17.6,17.4,36.9,51.5,48.5,84.3,15.7,58.1,41.9,Mavericks
2001,82,48.5,76.3,23.7,59.8,22.2,21.6,15.2,18.6,15.2,37.6,51,49,79.9,20.1,56.6,43.4,Mavericks
2000,82,48.3,79.8,20.2,62.3,23.3,18.8,15.2,18.8,16.6,39,51.3,48.7,81.6,18.4,56.4,43.6,Mavericks
1999,82,48.1,81.2,18.8,64.4,27.9,18.7,15.5,16.9,17.7,36.5,50.3,49.7,89.4,10.6,56.7,43.3,Mavericks
1997,82,48.5,82.5,17.5,65.7,29.5,16.9,15.1,17.5,17.8,36.2,47.5,52.5,87,13,53.3,46.7,Mavericks
1996,82,48.3,79.6,20.4,64.2,21,17.3,14.9,18.5,18.3,43.2,54.4,45.6,85.3,14.7,59.1,40.9,Mavericks
2019,75,48.5,54.3,45.7,45.3,7,38.8,10,15.9,12.4,38.3,48.3,51.7,78.3,21.7,59.2,40.8,Mavericks
2020,72,48.1,56.4,43.6,48.5,9.2,36.8,10.1,14.6,12.9,39.3,44.5,55.5,77.8,22.2,55.7,44.3,Mavericks
2011,66,48.7,72.9,27.1,60.1,21.2,23.6,12.5,16.3,17.7,39,50.9,49.1,82.9,17.1,57.5,42.5,Mavericks
1998,50,48.3,85.2,14.8,67.5,27.8,13.2,14.7,19.2,16.5,39.7,48.3,51.7,86.1,13.9,52.7,47.3,Mavericks
2021,82,48.3,58.4,41.6,51.4,7.7,33.7,12,14.8,13.8,43.7,58.4,41.6,85.7,14.3,66.7,33.3,Nuggets
2018,82,48.1,65.2,34.8,55.9,8.8,29.9,11.4,14.3,14.2,47.1,57.1,42.9,88.3,11.7,65.3,34.7,Nuggets
2017,82,48.5,64.3,35.7,53.2,8.6,31.3,12.2,15.6,15.4,44.5,52.6,47.4,84.8,15.2,61.7,38.3,Nuggets
2016,82,48.2,67.1,32.9,54.7,10.1,28.5,12.7,16.8,12.6,44.6,52.6,47.4,87.1,12.9,61.5,38.5,Nuggets
2015,82,48.4,72.3,27.7,58.3,13.3,23.6,13.9,18.1,15.4,45,54.3,45.7,81.4,18.6,60.1,39.9,Nuggets
2014,82,48.5,71.6,28.4,58.6,14.4,23.8,14.8,17.6,16.7,44.3,50.6,49.4,83.9,16.1,57.7,42.3,Nuggets
2013,82,48.2,72.2,27.8,57.1,12.8,24.6,15,18.3,15.8,44.4,51.8,48.2,81.5,18.5,58.4,41.6,Nuggets
2012,82,48.5,78.3,21.7,64.8,10.1,18,19,17.3,18.7,54.7,55.1,44.9,86.2,13.8,60,40,Nuggets
2010,82,48.1,74.2,25.8,56.4,15.1,22.5,13.1,21.1,15.1,41.3,49.7,50.3,87.5,12.5,57.6,42.4,Nuggets
2009,82,48.2,77.3,22.7,59.1,18.6,18.7,14.2,22.2,16.9,40.5,50.3,49.7,77.2,22.8,55,45,Nuggets
2008,82,48.1,77.3,22.7,58.7,16.6,19.2,16.1,22.1,17.3,42.1,55.5,44.5,77.7,22.3,59.5,40.5,Nuggets
2007,82,48.4,77.2,22.8,60.3,18.2,18.8,17.2,20.8,16.3,42.1,55.1,44.9,90.7,9.3,61.2,38.8,Nuggets
2006,82,48.2,78.8,21.2,62,17.8,16.8,17.7,21.1,18.4,44.3,55,45,92.4,7.6,60.7,39.3,Nuggets
2005,82,48.6,83.9,16.1,66.3,23.6,12.8,20.2,20.9,18,42.8,59.1,40.9,88.6,11.4,62.4,37.6,Nuggets
2004,82,48.2,85.8,14.2,66.6,22.9,11.8,19.4,21.6,18.5,43.7,61.7,38.3,87.8,12.2,64.5,35.5,Nuggets
2003,82,48.1,85.4,14.6,66.8,23.5,12.5,20.4,20.8,18.9,43.3,57.4,42.6,80.1,19.9,59.9,40.1,Nuggets
2002,82,48.1,87.4,12.6,71.3,26.7,10,13.4,18.8,19.9,44.6,62.9,37.1,82.5,17.5,64.6,35.4,Nuggets
2001,82,48.3,81.3,18.7,65.9,24,16.8,15.1,17.3,16.2,42,58.6,41.4,84.2,15.8,62.3,37.7,Nuggets
2000,82,48.2,79,21,62.3,21.9,19.4,15.8,18.3,15.2,40.4,62,38,86.1,13.9,66.1,33.9,Nuggets
1999,82,48.4,79.8,20.2,63.8,22.2,17.4,15.2,18.9,15.9,41.6,59.6,40.4,78.5,21.5,62.5,37.5,Nuggets
1997,82,48.1,86.1,13.9,65.5,27.8,11.8,14.5,22.7,18.1,37.7,55.1,44.9,79.9,20.1,57.8,42.2,Nuggets
1996,82,48.6,74.4,25.6,57.3,21.4,23.8,12.4,18.9,14.4,35.9,59.5,40.5,82.1,17.9,64.4,35.6,Nuggets
2019,73,48.6,65.6,34.4,55.8,11.1,29.6,10.6,14.6,14.9,44.7,56,44,85.3,14.7,63.6,36.4,Nuggets
2020,72,48.6,61.7,38.3,52.8,9.6,33.6,10.8,13.6,15.6,43.2,52.3,47.7,85.1,14.9,62.1,37.9,Nuggets
2011,66,48.6,75.7,24.3,62.2,10.9,19,19,18.8,18.1,51.3,55.3,44.7,92,8,61.5,38.5,Nuggets
1998,50,48.1,76.9,23.1,59,21.1,19.4,12.2,21.6,15.2,37.9,53.6,46.4,76.2,23.8,57.6,42.4,Nuggets
2021,82,48.2,60.9,39.1,51.3,7.8,32.3,10,16.4,16.2,43.5,49.8,50.2,89.3,10.7,61.5,38.5,Pistons
2018,82,48.4,60.6,39.4,49.9,8.1,33.9,9.4,16.1,14.8,41.9,46.5,53.5,83.1,16.9,57.9,42.1,Pistons
2017,82,48.3,66.7,33.3,54.6,12.6,31.2,10.4,14.2,16,42,46.5,53.5,88.9,11.1,58.2,41.8,Pistons
2016,82,48.3,73.7,26.3,63.5,20.9,22.8,11.8,13.7,14.7,42.6,45.5,54.5,84.5,15.5,53,47,Pistons
2015,82,48.5,69.7,30.3,56.7,14.1,26.6,10.9,16.7,15.1,42.7,42.2,57.8,80.3,19.7,51.2,48.8,Pistons
2014,82,48.4,71,29,57.9,12.5,26.1,13.6,16,16.1,45.4,51.2,48.8,81.5,18.5,58.2,41.8,Pistons
2013,82,48.2,77.8,22.2,64.6,13.2,18.4,16.7,17.1,17.9,51.3,49.3,50.7,77.9,22.1,53.9,46.1,Pistons
2012,82,48.3,78.3,21.7,63.4,14.3,19.8,14.6,16.8,16.2,49.1,51.4,48.6,92.6,7.4,58.5,41.5,Pistons
2010,82,48.5,81.1,18.9,65,23.1,17.8,13.5,17.2,17,41.9,50.7,49.3,89.2,10.8,56.6,43.4,Pistons
2009,82,48.2,82,18,66.6,25.8,14.6,13.7,18.9,18.1,40.8,49,51,89,11,54.1,45.9,Pistons
2008,82,48.5,83.5,16.5,67.4,30.8,14.6,10.5,18,14.2,36.6,51,49,95.5,4.5,56.7,43.3,Pistons
2007,82,48.1,79.7,20.3,62.9,29.7,18.3,11.8,18.9,15.9,33.1,56.6,43.4,84.2,15.8,61.1,38.9,Pistons
2006,82,48.5,79.9,20.1,63.3,26.6,17.1,11.1,19.6,17.5,36.8,56.1,43.9,82.2,17.8,60.1,39.9,Pistons
2005,82,48.4,77.9,22.1,61.1,27.8,21,12.4,17.9,16.3,33.3,62.9,37.1,79.7,20.3,66.1,33.9,Pistons
2004,82,48.7,83.6,16.4,65,26.1,14.2,13.6,20.8,16.7,39,59.2,40.8,86.5,13.5,62.7,37.3,Pistons
2003,82,48.2,84.7,15.3,65.3,22.4,13.5,13.6,21.1,18.5,42.9,59.2,40.8,81.7,18.3,62,38,Pistons
2002,82,48.5,76.3,23.7,57.8,23.3,21.3,11.2,20.8,16.6,34.6,55.3,44.7,79.2,20.8,60,40,Pistons
2001,82,48,76.1,23.9,58.9,22.2,22,12.7,19.1,17.9,36.7,55.5,44.5,88.4,11.6,62,38,Pistons
2000,82,48.4,83.8,16.2,64.6,28,14.9,16.1,20.5,17.5,36.5,51.3,48.7,84.8,15.2,55.8,44.2,Pistons
1999,82,48.4,81.6,18.4,61.4,24,15.5,16,23.1,17.9,37.4,50,50,92,8,56.1,43.9,Pistons
1997,82,48.7,85.3,14.7,66.5,24.1,11.4,14.3,22.1,18.4,42.5,52.5,47.5,84.3,15.7,55.8,44.2,Pistons
1996,82,48.4,75.4,24.6,58.1,21.1,22.6,11.1,19.3,18.4,37,45.9,54.1,89.9,10.1,55,45,Pistons
2020,72,48.4,61.5,38.5,50.8,6.4,32.5,10,16.6,15.5,44.5,50.9,49.1,90.1,9.9,62.6,37.4,Pistons
2019,66,48.4,61.9,38.1,51,6,33.5,10.2,15.5,14.8,45,49.9,50.1,87.1,12.9,61.2,38.8,Pistons
2011,66,48.4,82.5,17.5,65.8,20.2,15.9,14.8,18.3,17.3,45.6,48.8,51.2,84.9,15.1,53.8,46.2,Pistons
1998,50,48.2,81.7,18.3,62.5,23.4,16.5,13.3,21,19,39.1,55.1,44.9,93.1,6.9,60.8,39.2,Pistons
2021,82,48.1,54.4,45.6,47.2,6.9,38.8,12.4,14.1,15.9,40.2,59.5,40.5,80.4,19.6,66.9,33.1,Warriors
2018,82,48.3,61.6,38.4,52.3,15.6,33.8,16.2,13.9,13.8,36.7,61,39,80.3,19.7,66.8,33.2,Warriors
2017,82,48.1,66.1,33.9,55.5,16.7,29.9,17,14.6,15.2,38.9,64.3,35.7,80.1,19.9,68.5,31.5,Warriors
2016,82,48.2,64.1,35.9,53.7,13.4,31,19.5,15.3,16.7,40.2,65.6,34.4,83.4,16.6,70.5,29.5,Warriors
2015,82,48.5,63.8,36.2,51.2,12.4,34.3,18.2,14.5,14.8,38.8,62.6,37.4,80.1,19.9,68,32,Warriors
2014,82,48.1,68.9,31.1,56.1,14.9,29.4,19,14.6,17.9,41.2,60.2,39.8,82.2,17.8,65.9,34.1,Warriors
2013,82,48.4,70.9,29.1,57.6,15.9,27.2,14.5,15.2,16.4,41.7,53.9,46.1,75.5,24.5,59.1,40.9,Warriors
2012,82,48.3,76.1,23.9,59.6,21.7,23.8,14.6,16.6,13.8,37.9,54.2,45.8,76.9,23.1,58.9,41.1,Warriors
2010,82,48.4,75.2,24.8,60.5,19.3,24.2,18.2,15.2,18.9,41.2,48.9,51.1,86.6,13.4,56.8,43.2,Warriors
2009,82,48.1,76.2,23.8,60.4,22.2,21.3,21.8,18.3,19.5,38.2,48.1,51.9,85.8,14.2,55.2,44.8,Warriors
2008,82,48.5,79.1,20.9,60.2,20.5,18.5,16.9,21.3,15.2,39.7,46.8,53.2,82.7,17.3,53,47,Warriors
2007,82,48.2,70.5,29.5,58,14.3,25.1,20.7,16.9,18,43.7,45.9,54.1,81.5,18.5,53.9,46.1,Warriors
2006,82,48.2,72.1,27.9,58.6,14.7,24,19.2,17.3,19.9,44,52.5,47.5,86.6,13.4,59.8,40.2,Warriors
2005,82,48.4,73,27,57.3,17.9,23.2,14.2,19.5,15.9,39.4,51.9,48.1,78.9,21.1,57.6,42.4,Warriors
2004,82,48.5,74.8,25.2,59.4,21.4,23.1,13.9,17.4,16.5,38,54.2,45.8,81.4,18.6,59.8,40.2,Warriors
2003,82,48.4,80.3,19.7,64,20.6,16.8,9.3,19.2,16.5,43.4,52.6,47.4,91.8,8.2,58.5,41.5,Warriors
2002,82,48.2,82.2,17.8,62.8,21.2,15.2,13.5,22.1,14.5,41.5,51.7,48.3,81.9,18.1,55.9,44.1,Warriors
2001,82,48.2,85.8,14.2,66.9,19.8,12,15,21.1,16.9,47.1,53.2,46.8,88.1,11.9,56.9,43.1,Warriors
2000,82,48.2,86.6,13.4,70,26.8,11.2,14.9,18.8,19,43.2,58.8,41.2,80.9,19.1,60.9,39.1,Warriors
1999,82,48.2,85,15,67.7,23.8,13.2,16.2,19.1,18,43.8,59.5,40.5,79.1,20.9,61.8,38.2,Warriors
1997,82,48.4,89.9,10.1,73.4,31.3,7.8,13.1,18.8,16.8,42.1,58.4,41.6,83.1,16.9,60,40,Warriors
1996,82,48.5,79.2,20.8,61.6,20.7,17.7,9.7,20.8,17.3,40.8,57.8,42.2,76.5,23.5,60.8,39.2,Warriors
2020,72,48.1,56.1,43.9,47,7.1,38.4,12.7,14.6,15.3,39.9,59.5,40.5,80.6,19.4,67,33,Warriors
2011,66,48.2,75.2,24.8,60.9,22,24.4,13.3,14.7,16.5,38.9,51.6,48.4,87,13,59.1,40.9,Warriors
2019,65,48.4,64.5,35.5,53,11.8,29.4,12.9,17.6,16,41.2,59.7,40.3,84.1,15.9,66.3,33.7,Warriors
1998,50,48.5,86.5,13.5,71,29.8,11,15,18,17.3,41.3,57.5,42.5,83.3,16.7,59.9,40.1,Warriors
2021,82,48.2,55.2,44.8,47.2,2.7,36.8,11.1,15.9,14.7,44.5,50.2,49.8,78.4,21.6,59.8,40.2,Rockets
2018,82,48.4,48.1,51.9,40.6,3.6,42.5,10.6,16.9,15.8,37,48.2,51.8,62.6,37.4,54.1,45.9,Rockets
2017,82,48.2,49.8,50.2,41.6,5.4,40.9,10.2,17.5,15.5,36.2,47,53,68.9,31.1,55.7,44.3,Rockets
2016,82,48.2,53.8,46.2,44.9,4.4,37.5,14.5,17.6,16.2,40.5,54.6,45.4,77.1,22.9,62.6,37.4,Rockets
2015,82,48.4,63,37,50.7,7.8,30.1,17,19.1,17.7,42.9,50.8,49.2,79.3,20.7,58.9,41.1,Rockets
2014,82,48.3,60.8,39.2,49.3,5.7,32.8,18,17.9,18.2,43.6,49.7,50.3,83.3,16.7,60,40,Rockets
2013,82,48.4,67,33,53,5.7,26.5,17.1,20.5,15,47.3,47.2,52.8,83.4,16.6,56.3,43.7,Rockets
2012,82,48.2,65.1,34.9,52,8.3,29.9,17.6,18.1,17,43.6,52,48,84.1,15.9,60.9,39.1,Rockets
2010,82,48.5,73.6,26.4,57.4,16.9,23.4,14.2,19.2,16.1,40.6,55.3,44.7,85.1,14.9,61.7,38.3,Rockets
2009,82,48.5,73.5,26.5,58.3,15.3,23.1,14.3,18.6,16.5,43,50.7,49.3,85,15,57.9,42.1,Rockets
2008,82,48.3,74.6,25.4,57.9,17.2,23.1,8.9,19,13.8,40.7,49.2,50.8,82.4,17.6,56.2,43.8,Rockets
2007,82,48.1,74.5,25.5,61,19.8,22.1,8.4,16.9,15.4,41.3,52.2,47.8,84.6,15.4,58.5,41.5,Rockets
2006,82,48.4,71,29,55.4,19,26.6,7.6,18.1,15.7,36.4,51.8,48.2,80,20,58.6,41.4,Rockets
2005,82,48.4,77.4,22.6,60.6,23,19,8.8,20.3,16.2,37.6,53.1,46.9,83.2,16.8,58.3,41.7,Rockets
2004,82,48.4,76.3,23.7,58.8,24.5,21.3,10,19.9,15.7,34.3,56.1,43.9,80.8,19.2,60.9,39.1,Rockets
2003,82,48.6,77.3,22.7,60.4,23.7,21,8.7,18.6,16,36.7,51.2,48.8,85.4,14.6,57.7,42.3,Rockets
2002,82,48.6,80.4,19.6,62.5,21.4,17.1,12.3,20.4,16.2,41,46.6,53.4,87.9,12.1,53,47,Rockets
2001,82,48.7,77.7,22.3,61.8,24.2,19.7,9.7,18.5,14.5,37.6,45.7,54.3,82.9,17.1,52.2,47.8,Rockets
2000,82,48.4,78.3,21.7,61.2,20.3,19,11.2,19.8,15.1,40.9,49.8,50.2,79.2,20.8,54.8,45.2,Rockets
1999,82,48.4,75.6,24.4,59.3,15.6,21.4,15.3,19.3,15.7,43.7,54,46,80.6,19.4,59.1,40.9,Rockets
1997,82,48.4,74.4,25.6,58.6,18.8,21.2,12.7,20.2,16.4,39.8,55.2,44.8,85.5,14.5,61.1,38.9,Rockets
1996,82,48.4,71.6,28.4,57.4,14.7,24.4,11.9,18.2,16.3,42.6,61.5,38.5,83.3,16.7,66.3,33.7,Rockets
2020,72,48.1,54.1,45.9,46.8,3.9,38,10.2,15.2,16.6,42.9,48.6,51.4,81.4,18.6,60.1,39.9,Rockets
2019,72,48.3,49.9,50.1,42.7,3.7,39.8,12.4,17.5,16.1,38.9,43,57,69.2,30.8,53,47,Rockets
2011,66,48.7,76,24,62.1,20.4,22.2,13.9,15.7,17.2,41.7,50.4,49.6,81.6,18.4,56.4,43.6,Rockets
1998,50,48.3,75.9,24.1,60.2,17.7,21.4,13.3,18.4,15.5,42.5,54.3,45.7,85.4,14.6,60.3,39.7,Rockets
2021,82,48.5,60.5,39.5,52.5,7.9,32.7,11.9,14.7,13,44.6,51,49,86,14,61.2,38.8,Pacers
2018,82,48.1,70.8,29.2,59,13.7,26.4,13.5,14.7,17.6,45.2,55.7,44.3,86.4,13.6,62.8,37.2,Pacers
2017,82,48.2,71.6,28.4,60.2,17.8,25.7,14,14.2,17.3,42.4,46.5,53.5,81.9,18.1,54.4,45.6,Pacers
2016,82,48.4,72.8,27.2,58.3,18.4,24.7,10.1,17,15.8,39.8,49.8,50.2,83.6,16.4,57.2,42.8,Pacers
2015,82,48.5,73,27,59.2,19.2,23.7,13.1,17.1,18.5,40,48.7,51.3,80.4,19.6,55.4,44.6,Pacers
2014,82,48.4,74.5,25.5,59.8,21.7,23,9.8,17.2,14.6,38.1,51.6,48.4,85.8,14.2,58.6,41.4,Pacers
2013,82,48.2,76.5,23.5,60.5,20.8,20.8,9.9,18.7,16.1,39.7,49.8,50.2,83.1,16.9,56,44,Pacers
2010,82,48.2,75.6,24.4,59.1,20.6,21.4,13.9,19.5,15.4,38.5,45,55,89.2,10.8,53.6,46.4,Pacers
2009,82,48.1,72.2,27.8,57.1,19.3,23.9,13.1,18.9,15.7,37.9,47.4,52.6,92.6,7.4,57.3,42.7,Pacers
2008,82,48.4,75.6,24.4,59.6,20.1,22.7,12.7,17.7,14.4,39.5,45.4,54.6,93.3,6.7,55.1,44.9,Pacers
2007,82,48.2,71.1,28.9,55,19.4,26.6,12.8,18.4,16.3,35.6,49.6,50.4,92.7,7.3,60.1,39.9,Pacers
2006,82,48.2,78.8,21.2,61,22.6,18.4,12.2,20.6,17.9,38.4,52.2,47.8,89.8,10.2,58.5,41.5,Pacers
2005,82,48.1,75.5,24.5,58.4,20.8,20.9,9.1,20.7,14.8,37.6,53.1,46.9,81.5,18.5,58.5,41.5,Pacers
2004,82,48.5,74.5,25.5,55.8,21.2,21.3,8.6,22.9,16,34.5,48.1,51.9,86,14,55.8,44.2,Pacers
2003,82,48.3,79.7,20.3,61.5,22.8,18,11.8,20.5,18.7,38.6,60,40,87.1,12.9,64.4,35.6,Pacers
2002,82,48.5,83.1,16.9,63.8,24.1,14.3,15.1,21.9,17.1,39.6,62.3,37.7,87.6,12.4,65.6,34.4,Pacers
2001,82,48.5,81.8,18.2,63.7,25.4,15.3,16.3,20.9,15.9,38.3,60.1,39.9,89.6,10.4,64.2,35.8,Pacers
2000,82,48.7,82,18,64.1,28.1,15.7,12,20.3,15.6,36,58,42,88.9,11.1,62.3,37.7,Pacers
1999,82,48.1,77.6,22.4,59.3,24.2,21.1,13.5,19.6,15,35.1,53.9,46.1,90.9,9.1,60.9,39.1,Pacers
1997,82,48.4,83.5,16.5,64,25.9,15.3,14.6,20.7,18.7,38.1,60.5,39.5,91,9,64.7,35.3,Pacers
1996,82,48.6,81.9,18.1,61.9,20.8,16.5,13.4,21.6,17.3,41.1,57.9,42.1,80.9,19.1,61.4,38.6,Pacers
2012,81,48.4,75.5,24.5,59.7,17.6,21.7,12.4,18.6,16,42.1,51.3,48.7,84.7,15.3,57.8,42.2,Pacers
2019,73,48.3,68.3,31.7,58.4,13.3,27.9,11.7,13.7,15.8,45.1,53.3,46.7,86.7,13.3,61.4,38.6,Pacers
2020,72,48.5,62.8,37.2,53.6,6.8,32.1,14.4,14.2,15.6,46.8,53.5,46.5,88,12,63.3,36.7,Pacers
2011,66,48.5,80.2,19.8,60.8,18.7,18.2,13.4,20.9,16.8,42.2,45.5,54.5,85.5,14.5,52.2,47.8,Pacers
1998,50,48.4,79.3,20.7,60.7,25.9,18.6,9.7,20.6,14.8,34.8,52,48,87.8,12.2,58.1,41.9,Pacers
2021,82,48.2,60.9,39.1,50.3,10.3,35.3,10.9,14.3,14.2,40.1,50.3,49.7,80.5,19.5,59.9,40.1,Clippers
2018,82,48.4,70.5,29.5,54.3,9.8,26.1,12.4,19.6,13.5,44.5,49.7,50.3,84.9,15.1,58.2,41.8,Clippers
2017,82,48.1,68.6,31.4,56.5,8.6,26.1,12.2,17.4,14.5,47.9,50.2,49.8,72.6,27.4,55.5,44.5,Clippers
2016,82,48.2,67.1,32.9,53.9,17.1,28.3,12.8,17.8,14,36.7,49.4,50.6,78.6,21.4,57,43,Clippers
2015,82,48.4,67.6,32.4,54.7,18.6,27.9,12.3,17.4,16.2,36.1,52.6,47.4,80.2,19.8,59.6,40.4,Clippers
2014,82,48.1,67.8,32.2,54.9,19.8,28.4,13.3,16.8,14.7,35.1,56.3,43.7,82.2,17.8,62.9,37.1,Clippers
2013,82,48.2,70.9,29.1,56.8,17.9,23.5,17.3,19.7,18,38.9,56.8,43.2,84.7,15.3,62.8,37.2,Clippers
2012,82,48.1,73.5,26.5,61.1,16.7,22.7,15.5,16.2,19.4,44.4,55.6,44.4,87.7,12.3,62,38,Clippers
2010,82,48.4,77,23,61.9,15.7,19,14.8,19.1,16.5,46.2,54.8,45.2,86.4,13.6,60.1,39.9,Clippers
2009,82,48.1,77.9,22.1,64.2,20.4,18.5,13.4,17.4,14.6,43.8,56.3,43.7,81.4,18.6,60.3,39.7,Clippers
2008,82,48.5,77.4,22.6,62.1,19,20.6,11.2,17.4,14.8,43,52.5,47.5,84.7,15.3,58.3,41.7,Clippers
2007,82,48.3,83.3,16.7,64.2,27.3,13.7,9.3,22.1,16,36.9,57.1,42.9,91.7,8.3,61.4,38.6,Clippers
2006,82,48.1,85.7,14.3,65.4,26.9,12,8.2,22.6,16.1,38.6,57.2,42.8,93.3,6.7,61.2,38.8,Clippers
2005,82,48.3,86.9,13.1,67.8,26.9,10.9,9.3,21.3,13.8,40.9,53.7,46.3,88.6,11.4,57.1,42.9,Clippers
2004,82,48.9,89.5,10.5,68.6,27,8.8,8.9,22.6,15.7,41.7,63.2,36.8,86.1,13.9,65,35,Clippers
2003,82,48.3,84.4,15.6,64,19.2,12.7,9.5,23.3,15.9,44.8,55,45,86.6,13.4,58.7,41.3,Clippers
2002,82,48.2,81.8,18.2,63.6,17.9,15.2,12.7,21.2,16.1,45.7,51.8,48.2,86.9,13.1,56.6,43.4,Clippers
2001,82,48.3,82.8,17.2,65.3,20,15.6,10.3,19.1,15,45.3,52.3,47.7,91.9,8.1,57.7,42.3,Clippers
2000,82,48.9,83.6,16.4,66.9,20.7,14.2,12.3,18.8,15.1,46.2,50.5,49.5,84.7,15.3,54.7,45.3,Clippers
1999,82,48.1,81.2,18.8,64.9,22.4,17.1,11.7,18.1,15.4,42.5,47.1,52.9,76.2,23.8,51.4,48.6,Clippers
1997,82,48.2,78.1,21.9,61.2,17.5,20,15.5,18.8,16.2,43.6,47.3,52.7,75.2,24.8,52.3,47.7,Clippers
1996,82,48.6,80,20,63.1,21.3,17.8,13.8,19,19,41.8,51.5,48.5,77.6,22.4,55.6,44.4,Clippers
2020,72,48,60,40,48.3,11.3,37.5,9.1,14.2,14,37,45.4,54.6,83.4,16.6,58.4,41.6,Clippers
2019,72,48.3,62.5,37.5,50.1,9,32.1,11.8,17.9,15.4,41,46.5,53.5,81.8,18.2,57.1,42.9,Clippers
2011,66,48.4,73.1,26.9,59.8,19.7,24,11.3,16.2,17.9,40.1,50,50,82.3,17.7,56.8,43.2,Clippers
1998,50,48.5,83.3,16.7,66.3,19.4,14.2,11.5,19.5,18.6,46.8,43.2,56.8,80.8,19.2,47.9,52.1,Clippers
2021,82,48.7,61.2,38.8,52.9,9,32,13.2,15,14.4,43.9,47.6,52.4,82.5,17.5,57.6,42.4,Lakers
2018,82,48.2,65.8,34.2,57.7,7.9,27.7,17.3,14.6,15,49.8,53.9,46.1,79.3,20.7,60,40,Lakers
2017,82,48.5,67.1,32.9,56.8,8.8,27.8,16.2,15.4,15.1,48,49.2,50.8,86.5,13.5,58.4,41.6,Lakers
2016,82,48.1,70.5,29.5,58.2,12.5,25.5,14.5,16.3,16.6,45.6,46.2,53.8,77.4,22.6,53.2,46.8,Lakers
2015,82,48.1,71,29,56.2,17,24,12.5,19.8,14,39.2,45,55,73.4,26.6,51.3,48.7,Lakers
2014,82,48.6,78,22,62.5,21.8,19.8,12.4,17.8,14.7,40.7,52.7,47.3,72.7,27.3,56.2,43.8,Lakers
2013,82,48.1,70.9,29.1,56,16.2,27.5,14.8,16.5,15.5,39.9,56.9,43.1,85.4,14.6,63.9,36.1,Lakers
2012,82,48.2,69.7,30.3,55.5,14.4,25.6,10,18.9,15.2,41.1,51.8,48.2,85.9,14.1,59.8,40.2,Lakers
2010,82,48.4,78,22,62.6,18.7,18.9,11.4,18.5,15,43.9,52.7,47.3,81.9,18.1,57.6,42.4,Lakers
2009,82,48.4,77.3,22.7,62.6,19.6,19.1,11.1,18.2,16,43,49.7,50.3,81.2,18.8,55,45,Lakers
2008,82,48.2,78.3,21.7,63,19,18.7,11.5,18.3,17.6,43.9,52.2,47.8,85.4,14.6,57.7,42.3,Lakers
2007,82,48.2,74.3,25.7,58.1,17.8,22.3,11.4,19.6,15.8,40.3,55.4,44.6,86.3,13.7,61.7,38.3,Lakers
2006,82,48.9,74.1,25.9,58.9,18.2,21.5,9.3,19.6,16.4,40.7,53.7,46.3,83.7,16.3,59.6,40.4,Lakers
2005,82,48.4,76,24,59.8,20.3,20.3,9.9,19.8,16.9,39.6,51.5,48.5,86.4,13.6,58,42,Lakers
2004,82,48.2,72.7,27.3,55.6,16.4,23.9,12,20.5,13.5,39.2,49.1,50.9,88,12,57.8,42.2,Lakers
2003,82,48.4,83.3,16.7,66.1,21.4,13.6,11.5,20.3,16.9,44.8,60.8,39.2,90.1,9.9,64.3,35.7,Lakers
2002,82,48.6,80.1,19.9,63.3,22.3,17.7,10.4,19,15.5,41,57.2,42.8,86.4,13.6,61.8,38.2,Lakers
2001,82,48.2,79,21,63.6,20.6,18.4,10.5,18,15.3,43,53.9,46.1,90.2,9.8,59.7,40.3,Lakers
2000,82,48.5,80.9,19.1,64.7,20.7,16,9.6,19.3,14.8,44.1,56.5,43.5,86.6,13.4,60.7,39.3,Lakers
1999,82,48.3,84.7,15.3,67.6,20.4,12.5,11.6,19.9,16.4,47.2,58.2,41.8,85.8,14.2,61.2,38.8,Lakers
1997,82,48.4,78.4,21.6,61.2,10,17.2,17.4,21.5,17.2,51.2,60.2,39.8,83.5,16.5,63.9,36.1,Lakers
1996,82,48.6,77.4,22.6,60.2,13.6,20.2,15.3,19.7,18.7,46.5,58.7,41.3,71.7,28.3,61.1,38.9,Lakers
2020,72,48.5,63.7,36.3,54,8.4,30.3,12.1,15.7,15.9,45.6,50.6,49.4,87.7,12.3,60.7,39.3,Lakers
2019,71,48.1,64.2,35.8,55.2,8.7,29.1,16.2,15.6,16.7,46.5,51.8,48.2,83.1,16.9,60,40,Lakers
2011,66,48.7,79.1,20.9,64.4,20.6,16.9,9.6,18.7,12.8,43.7,57.5,42.5,82,18,61.1,38.9,Lakers
1998,50,48.2,82.6,17.4,64.6,17.4,14.6,12.2,20.7,15,47.3,56.1,43.9,81.7,18.3,59.5,40.5,Lakers
2021,82,48.2,65.4,34.6,55.4,5.6,29.9,15.3,14.7,15.8,49.8,50.4,49.6,85.4,14.6,59.7,40.3,Grizzlies
2018,82,48.5,65.8,34.2,54.2,9.5,28.7,11.9,17.1,16.6,44.8,56.2,43.8,82.6,17.4,63.1,36.9,Grizzlies
2017,82,48.1,68.3,31.7,55.4,12.8,27.9,13.3,16.7,17.2,42.6,51,49,81.5,18.5,58.6,41.4,Grizzlies
2016,82,48.5,68.4,31.6,53.8,13.5,27.9,10.1,18.3,16,40.3,50.4,49.6,81.6,18.4,58.4,41.6,Grizzlies
2015,82,48.4,77.8,22.2,61.9,17.5,18.6,12.7,19.5,18,44.4,50.2,49.8,86.1,13.9,56.2,43.8,Grizzlies
2014,82,48.5,81.6,18.4,66.3,18.4,15.7,11.9,17.9,17.1,48,52.8,47.2,86.5,13.5,57.4,42.6,Grizzlies
2013,82,48.3,82.9,17.1,68.9,19.4,15.4,11,15.7,16.9,49.5,52.6,47.4,89.4,10.6,57.4,42.6,Grizzlies
2012,82,48.3,83.4,16.6,67.4,21.3,15,13.4,17.6,18.6,46.1,53.3,46.7,88.5,11.5,57.9,42.1,Grizzlies
2010,82,48.5,86.4,13.6,70.6,19.1,11.3,16.6,18.1,19.5,51.4,48.8,51.2,90.6,9.4,52.8,47.2,Grizzlies
2009,82,48.5,85.2,14.8,68.5,18.4,12.3,17.2,19.2,16.7,50.1,43.3,56.7,86,14,47.9,52.1,Grizzlies
2008,82,48.3,82.5,17.5,64.1,20.3,15.5,12.7,20.4,17.6,43.8,43.3,56.7,89.2,10.8,49.7,50.3,Grizzlies
2007,82,48.3,73.6,26.4,59.1,15.4,22.5,14.9,18.4,15.2,43.7,42,58,88.7,11.3,51.4,48.6,Grizzlies
2006,82,48.7,78.9,21.1,60,18.2,18,14.1,22,16.5,41.8,50.5,49.5,83.6,16.4,56,44,Grizzlies
2005,82,48.4,74.2,25.8,57.1,16.4,23.4,9.8,19.5,17.3,40.7,49.4,50.6,88.5,11.5,57.8,42.2,Grizzlies
2004,82,48.1,76.3,23.7,59.3,16.3,20.8,12,19.9,19.1,43,54.6,45.4,89.6,10.4,61.2,38.8,Grizzlies
2003,82,48.5,80.3,19.7,63.5,17.3,16.9,16.9,19.6,20,46.2,60.9,39.1,85.7,14.3,64.6,35.4,Grizzlies
2002,82,48.6,81,19,64.6,22.2,17.5,16.6,17.9,16.4,42.4,58.4,41.6,82.2,17.8,62.1,37.9,Grizzlies
2001,82,48.2,83.2,16.8,68.2,24.4,13.7,13,18.1,16.6,43.8,61.3,38.7,72.3,27.7,62.6,37.4,Grizzlies
2000,82,48.2,85.5,14.5,67.7,31.6,13,12.8,19.4,16.5,36.1,63.5,36.5,87.4,12.6,66.2,33.8,Grizzlies
1999,82,48.4,86.1,13.9,66.7,23.4,12.6,13.7,20.7,17.1,43.3,54.8,45.2,90.7,9.3,58.8,41.2,Grizzlies
1997,82,48.4,86.3,13.7,67.7,21.7,12.3,13.8,20,15.8,46,62,38,91.7,8.3,65.2,34.8,Grizzlies
1996,82,48.2,80.3,19.7,64.9,21,18.3,12.6,16.8,17.3,43.9,62.6,37.4,84.5,15.5,66.1,33.9,Grizzlies
2019,73,48.1,65.4,34.6,56.1,6.5,29.1,15.2,14.7,15.2,49.6,54.7,45.3,88,12,63.3,36.7,Grizzlies
2020,72,48.3,65.8,34.2,56,6.7,29.5,15.3,14.5,16.3,49.3,54.3,45.7,87.2,12.8,62.8,37.2,Grizzlies
2011,66,48.3,84.3,15.7,68.5,21,13.3,16.5,18.2,20.8,47.5,49.1,50.9,85.2,14.8,53.2,46.8,Grizzlies
1998,50,48.7,88.2,11.8,67.3,23.2,10,12,22.7,17.8,44.1,55.7,44.3,88.5,11.5,58.6,41.4,Grizzlies
2021,82,48.4,57.8,42.2,47.3,8.2,37,9.9,15.7,15.7,39.1,53.7,46.3,84.9,15.1,64.4,35.6,Heat
2018,82,48.1,63.2,36.8,53.6,7.3,32.1,9.4,14.3,14.7,46.3,50.5,49.5,88,12,61.2,38.8,Heat
2017,82,48.6,64.2,35.8,53.8,10.4,31.9,9,14.3,15.9,43.4,45.7,54.3,90.8,9.2,58.5,41.5,Heat
2016,82,48.2,68.6,31.4,56.6,12.8,28.7,10.8,14.8,15.4,43.8,42.7,57.3,89.1,10.9,54.4,45.6,Heat
2015,82,48.4,77.9,22.1,64.7,18.2,18.2,11.1,17.1,14.8,46.4,47,53,92.8,7.2,54.3,45.7,Heat
2014,82,48.1,73.8,26.2,60,18.2,21.5,10.4,18.5,16.9,41.8,48.2,51.8,90.6,9.4,56.4,43.6,Heat
2013,82,48.5,70.8,29.2,59.1,14.9,23.8,12.9,17.1,18.9,44.2,50.9,49.1,88,12,58.8,41.2,Heat
2012,82,48.5,71.5,28.5,57.6,17.3,25.5,11.6,16.9,18.1,40.3,52.2,47.8,86.6,13.4,60,40,Heat
2010,82,48.2,76.5,23.5,59.4,22.2,19.6,13.9,21,15.7,37.2,47.9,52.1,81.9,18.1,54.1,45.9,Heat
2009,82,48.5,78.1,21.9,62.9,24.6,18.7,10,18.3,16.8,38.3,46.1,53.9,81,19,51.9,48.1,Heat
2008,82,48.7,75.5,24.5,60.8,23.1,21.7,9.8,17.5,17.6,37.7,48.5,51.5,82.6,17.4,55.1,44.9,Heat
2007,82,48.4,78.3,21.7,61.9,25.4,19.7,10.6,18.5,16.7,36.5,53.4,46.6,82.9,17.1,58.5,41.5,Heat
2006,82,48.4,75.5,24.5,61.6,18.7,20.4,11.4,18,16.4,42.9,51.4,48.6,85.6,14.4,57.6,42.4,Heat
2005,82,48.2,77.3,22.7,62.1,15.6,18.2,12.9,19.7,15.3,46.5,48.5,51.5,92.4,7.6,55.7,44.3,Heat
2004,82,48.7,80.2,19.8,63,20.2,17.1,11.5,19.9,14.7,42.8,52.8,47.2,85.5,14.5,57.8,42.2,Heat
2003,82,48.2,78.9,21.1,60.6,21.6,19.7,13.8,19.7,17.6,39,50.5,49.5,88.9,11.1,57.3,42.7,Heat
2002,82,48.4,83.1,16.9,66.7,29.9,14.9,11.6,18.4,17.2,36.8,51.9,48.1,82.5,17.5,55.8,44.2,Heat
2001,82,48.6,85.9,14.1,69.6,31.7,13.1,11,17.3,16.1,37.9,55.6,44.4,89.4,10.6,59.4,40.6,Heat
2000,82,48.5,77.9,22.1,60.8,24.6,19.7,11.2,19.5,19.1,36.2,56,44,81.2,18.8,60.5,39.5,Heat
1999,82,48.4,81.4,18.6,65.3,25.9,17.3,13.3,17.4,16,39.4,61.2,38.8,86.1,13.9,64.9,35.1,Heat
1997,82,48.2,75.6,24.4,59.1,18.2,21.1,14.4,19.8,16.9,40.9,57.3,42.7,79.9,20.1,61.7,38.3,Heat
1996,82,48.3,70.1,29.9,55.1,15.5,26.2,13,18.7,19.6,39.6,55.8,44.2,79.4,20.6,61.5,38.5,Heat
2019,73,48.6,58.1,41.9,46.5,7.3,35.9,10.1,17.6,14.5,39.1,55.8,44.2,84.9,15.1,65.7,34.3,Heat
2020,72,48.3,56.8,43.2,48.6,7.6,35.9,11,15.4,16.4,41.1,56.2,43.8,89.3,10.7,67.1,32.9,Heat
2011,66,48.6,80.2,19.8,63.9,20.7,17.1,13.9,19,20,43.2,48.5,51.5,84.1,15.9,53.8,46.2,Heat
1998,50,48.1,77.4,22.6,59.7,22.3,19.5,11.3,20.9,17.4,37.4,60.4,39.6,75.1,24.9,63.1,36.9,Heat
2021,82,48.2,57,43,48.1,9.1,36.5,11.4,15.4,13,38.9,46.1,53.9,78.9,21.1,57.2,42.8,Bucks
2018,82,48.2,58.1,41.9,50.6,5.5,34.2,15,15.2,14.1,45.1,50,50,82.5,17.5,60.1,39.9,Bucks
2017,82,48.4,70.3,29.7,58.2,13.7,24.7,13.8,17.2,17.2,44.5,50.1,49.9,88.3,11.7,58.5,41.5,Bucks
2016,82,48.2,71,29,57.9,11,25.4,13.3,16.6,16.7,46.9,53.4,46.6,92.9,7.1,62.4,37.6,Bucks
2015,82,48.4,81.1,18.9,66.6,15.6,16.3,13.9,17.1,18.6,51,55.5,44.5,89.8,10.2,60.3,39.7,Bucks
2014,82,48.6,77.7,22.3,63.3,19.5,20.4,15.4,16.4,19.6,43.8,57.1,42.9,88.8,11.2,62.7,37.3,Bucks
2013,82,48.5,76.9,23.1,61.4,18.3,21,13.3,17.6,16.9,43.1,54.7,45.3,81.2,18.8,59.6,40.4,Bucks
2012,82,48.4,76.8,23.2,62.3,19.1,22.2,13.5,15.4,18.1,43.2,54.8,45.2,81.7,18.3,60,40,Bucks
2010,82,48.4,78.4,21.6,61.9,23,19.2,10.9,18.9,18.1,38.8,48,52,88.2,11.8,54.9,45.1,Bucks
2009,82,48.7,74.1,25.9,60.1,22.2,24.2,10.8,15.8,16.7,37.9,49.5,50.5,85.1,14.9,57,43,Bucks
2008,82,48.2,79.2,20.8,61.4,23.2,18.8,11.7,19.8,18.7,38.1,53.9,46.1,89.2,10.8,59.9,40.1,Bucks
2007,82,48.4,80.5,19.5,64.7,22,17,10.5,18.3,15.2,42.7,53.5,46.5,84.7,15.3,58.2,41.8,Bucks
2006,82,48.4,78.1,21.9,63.6,18.1,19.2,13.1,17.2,17.6,45.4,51.2,48.8,84.4,15.6,56.7,43.3,Bucks
2005,82,48.4,79.7,20.3,61.6,20.2,19,13.6,19.5,17.2,41.3,53.6,46.4,87.8,12.2,59.4,40.6,Bucks
2004,82,48.2,85.9,14.1,66.2,26.2,12.2,10.6,21.6,15,40,54.3,45.7,88,12,58,42,Bucks
2003,82,48.2,82.8,17.2,63.9,22.1,15,12.8,21.1,15.2,41.8,58.8,41.2,90.3,9.7,63,37,Bucks
2002,82,48.5,77.1,22.9,60.3,23.8,21.5,12.4,18.2,16.2,36.6,52.7,47.3,89.9,10.1,59.9,40.1,Bucks
2001,82,48.5,75.9,24.1,61.2,27.3,22.2,12.6,16.5,14.7,33.9,55,45,84.3,15.7,60.7,39.3,Bucks
2000,82,48.2,78.2,21.8,61.7,28.5,20.4,14.5,17.8,16.9,33.2,52.9,47.1,87.9,12.1,59.3,40.7,Bucks
1999,82,48.4,84.3,15.7,67,32.8,14.2,14.7,18.8,17.7,34.2,54,46,88.8,11.2,58.3,41.7,Bucks
1997,82,48.6,89,11,68.9,30.2,9.6,16.7,21.5,18.8,38.7,54.2,45.8,81.1,18.9,56.5,43.5,Bucks
1996,82,48.1,85.4,14.6,67.6,23.3,12.4,14.5,20,17.2,44.3,51.3,48.7,78.4,21.6,54.3,45.7,Bucks
2019,73,48.2,57.2,42.8,49.7,8.2,34.9,15.1,15.4,14,41.5,49.8,50.2,81.1,18.9,59.8,40.2,Bucks
2020,72,48.1,59.6,40.4,50.5,9.9,36,12.1,13.5,13.6,40.6,46.8,53.2,78.2,21.8,56.9,43.1,Bucks
2011,66,48.1,77.6,22.4,63.2,21.2,20,14.2,16.8,18.4,42,57.8,42.2,81.7,18.3,62,38,Bucks
1998,50,48.2,83.8,16.2,66.4,29.3,15.1,13.5,18.5,20.2,37.1,54.3,45.7,88.3,11.7,58.8,41.2,Bucks
2021,82,48.2,54.6,45.4,46.3,5.2,38.2,13.1,15.5,17.1,41.1,51.9,48.1,79.7,20.3,61.7,38.3,Timberwolves
2018,82,48.4,68.5,31.5,56.1,12.1,26.9,10.4,17,15.5,44,50.5,49.5,86.2,13.8,59.1,40.9,Timberwolves
2017,82,48.3,73.9,26.1,60.3,15.3,22,8.8,17.7,16.2,44.9,48.7,51.3,82.5,17.5,55.3,44.7,Timberwolves
2016,82,48.3,75.1,24.9,60.9,17.6,20.8,12.1,18.3,15.8,43.2,53.5,46.5,88.5,11.5,60,40,Timberwolves
2015,82,48.5,79.8,20.2,62.9,19.8,16.3,13.3,20.9,16.1,43.1,57.8,42.2,85.7,14.3,61.9,38.1,Timberwolves
2014,82,48.3,82.1,17.9,64.4,22.1,15.2,13.2,20.4,17.8,42.3,55.7,44.3,82.5,17.5,59.3,40.7,Timberwolves
2013,82,48.4,75.5,24.5,59.1,14.8,20.5,15,20.4,17.6,44.3,56.4,43.6,83.8,16.2,61.6,38.4,Timberwolves
2012,82,48.1,78,22,63.5,20.7,17.2,12.9,19.3,18.9,42.8,59.2,40.8,79.8,20.2,62.4,37.6,Timberwolves
2010,82,48.2,77.7,22.3,60.4,20.2,21.3,11.8,18.3,16.2,40.1,47.6,52.4,77.9,22.1,53.4,46.6,Timberwolves
2009,82,48.2,82.9,17.1,67.1,22.8,15,15.4,17.8,15.9,44.4,47.5,52.5,84.6,15.4,52.4,47.6,Timberwolves
2008,82,48.3,77.3,22.7,60.9,19.1,20.3,10.3,18.8,14.5,41.8,49.1,50.9,87.5,12.5,56.1,43.9,Timberwolves
2007,82,48.1,81.5,18.5,67.2,22,16.9,9.2,15.9,14.9,45.2,47.4,52.6,86.2,13.8,53,47,Timberwolves
2006,82,48.8,83.3,16.7,66.3,29.9,14.6,9.4,19,16,36.4,57.6,42.4,89.6,10.4,61.7,38.3,Timberwolves
2005,82,48.4,85.1,14.9,68.5,30.5,12.4,11.8,19.1,16.7,38,57,43,79.7,20.3,59.4,40.6,Timberwolves
2004,82,48.2,82.7,17.3,66.8,32.6,14.9,11.5,18.3,13.4,34.2,59.3,40.7,87.6,12.4,63,37,Timberwolves
2003,82,48.2,86.3,13.7,69.8,35.5,12.6,11.5,17.6,15.7,34.3,59.1,40.9,89,11,62.3,37.7,Timberwolves
2002,82,48.3,88.2,11.8,71.5,32.5,11,12.7,17.5,15.9,39,63.2,36.8,85.1,14.9,65.3,34.7,Timberwolves
2001,82,48.3,84.8,15.2,68.2,29.8,14.6,12.9,17.2,15.2,38.4,60.4,39.6,79.3,20.7,62.8,37.2,Timberwolves
2000,82,48.4,86.9,13.1,70.8,34.2,12.1,15.5,17.1,17.4,36.7,63.7,36.3,88.2,11.8,66.2,33.8,Timberwolves
1999,82,48.5,89.6,10.4,73.7,37.7,9.2,15.4,17.1,16.5,36.1,66.9,33.1,85.9,14.1,68.4,31.6,Timberwolves
1997,82,48.6,87.2,12.8,68.9,29.8,11,14.1,20.2,16.9,39,64.5,35.5,74.6,25.4,65.5,34.5,Timberwolves
1996,82,48.2,83,17,65.1,25.8,14.1,11.1,20.8,17.9,39.3,63.4,36.6,66.6,33.4,63.8,36.2,Timberwolves
2020,72,48.3,58.7,41.3,49.3,5.3,35.1,10.8,15.7,16.5,44,53.2,46.8,83.5,16.5,63,37,Timberwolves
2011,66,48.3,73.8,26.2,58.2,16.6,22,10.6,19.8,14.4,41.7,47.4,52.6,84.1,15.9,54.8,45.2,Timberwolves
2019,64,48.6,56.7,43.3,47.8,4.4,35.3,9.9,16.9,14.7,43.4,49,51,79.1,20.9,59,41,Timberwolves
1998,50,48.1,90.5,9.5,73.9,37.1,7.9,12.6,18.3,18.5,36.7,64.9,35.1,86.1,13.9,66.3,33.7,Timberwolves
2021,82,48.2,63.5,36.5,54,9.8,29.2,13.1,16.7,15.2,44.3,53.1,46.9,87.3,12.7,62.1,37.9,Pelicans
2018,82,48.2,67.6,32.4,57.9,7.4,26.7,12.8,15.4,14,50.4,54.2,45.8,86.9,13.1,61.9,38.1,Pelicans
2017,82,48.7,68.1,31.9,58.1,11.2,27.4,13.7,14.5,14.6,46.9,54.9,45.1,87.6,12.4,62.7,37.3,Pelicans
2016,82,48.5,69.2,30.8,57.1,14.8,26.9,14.4,16,14,42.3,50.3,49.7,83.5,16.5,58.2,41.8,Pelicans
2015,82,48.2,72.3,27.7,58.2,17.9,25,12.1,16.8,14.6,40.3,51,49,80.9,19.1,57.7,42.3,Pelicans
2014,82,48.2,76.7,23.3,61.9,16.6,21.6,10.8,16.5,14,45.3,51.3,48.7,87.5,12.5,58.1,41.9,Pelicans
2013,82,48.4,80.7,19.3,64,18.3,17.8,13.3,18.2,16.8,45.6,50.6,49.4,86.6,13.4,56.3,43.7,Pelicans
2012,82,48.2,77.6,22.4,62.7,17.6,20.8,10.3,16.5,15.7,45.1,52.1,47.9,85.8,14.2,58.2,41.8,Pelicans
2010,82,48.4,80.8,19.2,64.2,24.6,17.1,11.8,18.7,17.2,39.6,52.3,47.7,86.3,13.7,57.4,42.6,Pelicans
2009,82,48.4,77,23,63.4,20.8,20.8,15,15.7,16.9,42.6,52,48,82.8,17.2,57.5,42.5,Pelicans
2008,82,48.2,76,24,59.9,20.4,21.2,10.9,18.8,15.7,39.6,47.1,52.9,89.9,10.1,55.3,44.7,Pelicans
2007,82,48.3,76.1,23.9,61.3,21.4,22.9,13.5,15.9,16.6,39.9,48.4,51.6,88.7,11.3,56.4,43.6,Pelicans
2006,82,48.5,81.2,18.8,64.2,20.5,17.4,12.9,18.3,15.8,43.8,45.6,54.4,85.5,14.5,51.7,48.3,Pelicans
2005,82,48.3,86.2,13.8,66.5,25.8,11.8,12.9,21.7,17.3,40.7,49.7,50.3,87.3,12.7,53.7,46.3,Pelicans
2004,82,48.6,79.9,20.1,63.5,26.7,17.2,11.4,19.3,16.3,36.8,60.1,39.9,82.2,17.8,63.4,36.6,Pelicans
2003,82,48.4,74.8,25.2,59.5,22,21.2,14,19.3,18.6,37.5,59.1,40.9,73.8,26.2,61.9,38.1,Pelicans
2002,82,48.5,83.9,16.1,65.2,26.8,15.7,11.9,19.1,17.5,38.4,58.2,41.8,85.4,14.6,62,38,Pelicans
2020,72,48.4,65.8,34.2,55.7,8.2,27.7,12.3,16.6,13.3,47.5,52.6,47.4,87.1,12.9,61.2,38.8,Pelicans
2019,72,48.4,59.7,40.3,49.9,6.9,35.3,14.3,14.7,14.4,43,51.6,48.4,87.4,12.6,63,37,Pelicans
2011,66,48.3,84.8,15.2,69,24.1,13.1,10,17.9,17,44.9,56.4,43.6,83.4,16.6,59.5,40.5,Pelicans
2021,82,48.2,57.2,42.8,46,6.9,37.2,10,16.9,14.7,39,46.5,53.5,79.5,20.5,58.1,41.9,Knicks
2018,82,48.2,66.6,33.4,53.9,11.8,28.8,10.6,17.3,14.1,42.1,41.8,58.2,82.6,17.4,52.5,47.5,Knicks
2017,82,48.4,73.4,26.6,62.1,17.4,23.6,8.2,14.3,14.5,44.7,49.9,50.1,86.9,13.1,57.3,42.7,Knicks
2016,82,48.4,72.1,27.9,59.4,20.7,24.7,10.4,15.9,13.8,38.7,46.9,53.1,84.5,15.5,55.1,44.9,Knicks
2015,82,48.3,74.4,25.6,59.8,23.5,22.7,8.6,17.5,12,36.4,47.7,52.3,87,13,55.7,44.3,Knicks
2014,82,48.4,76,24,61.6,25.3,22.3,9.1,16.1,15.9,36.3,55,45,83.6,16.4,60.6,39.4,Knicks
2013,82,48.4,69.8,30.2,56.1,22.1,28.2,9.1,15.7,17,34,45,55,81.8,18.2,54.2,45.8,Knicks
2012,82,48.1,64.6,35.4,51.4,17.6,32.6,8.8,16,17.8,33.7,39.8,60.2,83.3,16.7,52.7,47.3,Knicks
2010,82,48.2,69.7,30.3,54.4,16,26.3,12.5,19.3,16.7,38.4,47.5,52.5,82.1,17.9,56,44,Knicks
2009,82,48.5,68.8,31.2,56.9,17.6,26.6,9.7,16.4,15.3,39.4,47.9,52.1,84.9,15.1,56.7,43.3,Knicks
2008,82,48.3,67.8,32.2,54.1,14.3,28.6,10.2,17.3,16.2,39.9,44.7,55.3,84.3,15.7,55.1,44.9,Knicks
2007,82,48.5,78.5,21.5,62.3,19.1,18.5,9.6,19.2,14.1,43.3,46.1,53.9,79.2,20.8,51.6,48.4,Knicks
2006,82,48.8,78.4,21.6,60.8,14.4,17.8,9.6,21.4,15.4,46.4,47.5,52.5,79.7,20.3,52.8,47.2,Knicks
2005,82,48.6,85.8,14.2,63.8,18.6,12.2,8.1,23.9,15.8,45.2,47.9,52.1,84.4,15.6,52,48,Knicks
2004,82,48.5,81.2,18.8,63.6,25.2,16.6,9.4,19.8,16.3,38.4,51.5,48.5,81.2,18.8,55.9,44.1,Knicks
2003,82,48.5,82.9,17.1,65.6,28.2,16.1,9.5,18.2,15.2,37.5,54.8,45.2,83.5,16.5,58.8,41.2,Knicks
2002,82,48.4,76.5,23.5,60.1,29.2,23.1,8.8,16.8,16.1,30.9,55.5,44.5,80.7,19.3,60.7,39.3,Knicks
2001,82,48.3,79.4,20.6,62.4,26.4,18.9,10.5,18.7,15.6,36,56.6,43.4,82.9,17.1,61.1,38.9,Knicks
2000,82,48.5,82,18,65,27.1,16.1,8.3,18.9,17.6,37.9,50.6,49.4,82.6,17.4,55.2,44.8,Knicks
1999,82,48.4,85.3,14.7,67.4,30,13.9,9,18.7,16.5,37.4,50.2,49.8,88.6,11.4,54.8,45.2,Knicks
1997,82,48.4,82.2,17.8,66.1,28.1,15.3,12.7,18.6,18.8,38,59.5,40.5,81.2,18.8,62.4,37.6,Knicks
1996,82,48.4,79.2,20.8,61.7,21.6,18,11.9,20.3,18.2,40.1,59.5,40.5,79.6,20.4,62.8,37.2,Knicks
2020,72,48.4,65.3,34.7,51.7,10.6,33,8.3,15.3,14.1,41.1,41.6,58.4,84.2,15.8,54.3,45.7,Knicks
2019,66,48.4,68.2,31.8,57.5,11.5,27.1,8.9,15.4,14.9,45.9,45.1,54.9,87.2,12.8,55.2,44.8,Knicks
2011,66,48.3,71.2,28.8,57.2,15.9,24,12.6,18.8,19.2,41.3,47.7,52.3,86.5,13.5,56.2,43.8,Knicks
1998,50,48.4,84.1,15.9,64.9,23.5,14.4,11.3,20.6,18,41.4,56.4,43.6,82.7,17.3,59.8,40.2,Knicks
2021,82,48.3,58.1,41.9,50.6,5.4,35,10.3,14.5,14.4,45.2,46.6,53.4,82.8,17.2,58,42,Thunder
2018,82,48.4,65.3,34.7,54.7,9.4,29.8,15.9,15.6,16.8,45.3,45.1,54.9,81.4,18.6,54.8,45.2,Thunder
2017,82,48.4,65.5,34.5,54,13.3,29.9,14.1,16.1,17.3,40.7,42.6,57.4,83.1,16.9,53.5,46.5,Thunder
2016,82,48.3,70.5,29.5,58.2,11.4,23.8,15.8,18,14.7,46.8,46.6,53.4,77.3,22.7,53.2,46.8,Thunder
2015,82,48.4,72.5,27.5,59.6,16.4,22.5,15.7,17.9,13.7,43.3,50.8,49.2,75.8,24.2,55.8,44.2,Thunder
2014,82,48.4,73.8,26.2,59.9,16.7,22.2,16.4,17.9,14.8,43.2,46.1,53.9,79.9,20.1,52.8,47.2,Thunder
2013,82,48.3,72.9,27.1,58.1,18.4,22.9,15.3,19,16.7,39.7,52.1,47.9,71.5,28.5,56.2,43.8,Thunder
2012,82,48.4,75.6,24.4,58.3,18,20.7,15.8,21,17.2,40.3,49.2,50.8,85.1,14.9,56.1,43.9,Thunder
2010,82,48.8,78.8,21.2,60,19.3,17,15.4,23,16.2,40.7,48.8,51.2,84.8,15.2,54.5,45.5,Thunder
2009,82,48.3,81.5,18.5,63.6,21.2,15.1,15.5,21.4,17.7,42.4,48,52,88.3,11.7,53.5,46.5,Thunder
2008,82,48.3,85.9,14.1,67.2,23.6,12.4,15,20.4,15.8,43.6,51.5,48.5,87.8,12.2,55.5,44.5,Thunder
2007,82,48.4,86.6,13.4,70.3,28.2,11.7,16.2,18,13.9,42.1,52.7,47.3,85,15,55.9,44.1,Thunder
2006,82,48.4,78.1,21.9,62,19,19.4,11.9,18.6,16.7,43,50.3,49.7,81.1,18.9,55.6,44.4,Thunder
2005,82,48.4,75.7,24.3,58.8,20,21.6,14.5,19.6,15.8,38.8,48.1,51.9,83.6,16.4,55.1,44.9,Thunder
2004,82,48.2,71.9,28.1,54.6,17.4,24.6,9.9,20.7,15.9,37.3,41.1,58.9,86.5,13.5,51.6,48.4,Thunder
2003,82,48.3,70.6,29.4,55.7,18.4,27.2,13.5,17.1,17.2,37.2,51.9,48.1,87.6,12.4,60.6,39.4,Thunder
2002,82,48.4,80.4,19.6,64.4,25.2,18.1,12.6,17.5,18.7,39.2,56,44,90.6,9.4,61.5,38.5,Thunder
2001,82,48.4,80.7,19.3,65.9,23.1,18.3,12.4,15.8,18.1,42.9,56,44,91.2,8.8,61.5,38.5,Thunder
2000,82,48.3,82.4,17.6,64.3,16.9,17.5,15.4,18.2,18.1,47.4,53.8,46.2,88.6,11.4,59.2,40.8,Thunder
1999,82,48.2,76.8,23.2,63.1,20.8,20.2,15.9,16.8,16.6,42.3,55.8,44.2,82.1,17.9,60.4,39.6,Thunder
1997,82,48.2,75.7,24.3,59,17.5,22.6,15.7,18.4,19.6,41.4,59.1,40.9,88.4,11.6,65.1,34.9,Thunder
1996,82,48.2,75.3,24.7,58.9,13.6,20.3,15.5,20.9,20.9,45.3,58.4,41.6,90.9,9.1,64.4,35.6,Thunder
2020,72,48.2,60.1,39.9,51.3,5.8,34,8.8,14.7,13.6,45.4,45.5,54.5,82.4,17.6,56.8,43.2,Thunder
2019,72,48.4,64.7,35.3,53.1,11.7,29.1,8.6,17.9,15.3,41.4,45.7,54.3,77.8,22.2,54.3,45.7,Thunder
2011,66,48.5,74.8,25.2,58.5,17.9,20.8,15.6,20.7,15.6,40.6,41.9,58.1,82.8,17.2,49.7,50.3,Thunder
1998,50,48.4,77.4,22.6,61,17.2,19.5,13.2,19.4,16.6,43.8,56.9,43.1,85.4,14.6,61.9,38.1,Thunder
2021,82,48.2,58.3,41.7,50.1,6.5,35.1,10.4,14.9,13.6,43.6,49.9,50.1,88,12,62,38,Magic
2018,82,48.2,64,36,54.1,13,31.9,10.1,14,14.2,41,55.3,44.7,83.2,16.8,63.2,36.8,Magic
2017,82,48.1,65.8,34.2,55.1,11.1,29.9,12.2,15,15.1,44.1,51.5,48.5,85.1,14.9,60.4,39.6,Magic
2016,82,48.3,70,30,58.8,17.1,25.4,13.9,15.8,14.8,41.8,49.5,50.5,87.6,12.4,58,42,Magic
2015,82,48.5,74.5,25.5,62.3,19.6,22.8,12.1,14.9,17.4,42.7,52.8,47.2,87.4,12.6,59.6,40.4,Magic
2014,82,48.2,76.5,23.5,64.3,17.1,21.2,11.8,14.5,17.1,47.2,48,52,86.8,13.2,55,45,Magic
2013,82,48.7,76.5,23.5,62.1,22.6,21.3,11.7,16.5,15.3,39.5,52.3,47.7,78.3,21.7,57.1,42.9,Magic
2012,82,48.2,77.7,22.3,67,20.7,19.7,10.6,13.3,14.9,46.4,56.3,43.7,82,18,60.5,39.5,Magic
2010,82,48.4,67.2,32.8,53.7,16.2,28.4,11.3,17.9,15.2,37.5,45.4,54.6,83.5,16.5,55.3,44.7,Magic
2009,82,48.1,65,35,51.4,13.7,29.9,11.8,18.7,13.9,37.7,42.1,57.9,83.7,16.3,53.7,46.3,Magic
2008,82,48.1,66.5,33.5,51,15.5,29.6,11.4,19.4,14.2,35.5,41.7,58.3,87.1,12.9,54.4,45.6,Magic
2007,82,48.2,67.8,32.2,52.7,12.7,28,11.9,19.3,14.7,40,44.6,55.4,87.3,12.7,55.8,44.2,Magic
2006,82,48.2,84.2,15.8,65.2,19.7,13.2,14.7,21.6,17.9,45.5,48.3,51.7,88.3,11.7,53,47,Magic
2005,82,48.5,87.1,12.9,67.1,24.6,11.5,12,21.4,16.1,42.5,47.4,52.6,86.3,13.7,51.4,48.6,Magic
2004,82,48.1,86.3,13.7,66.5,26.6,11.8,18.1,21.7,16.8,39.9,48.7,51.3,81.3,18.8,52.2,47.8,Magic
2003,82,48.4,81.6,18.4,64.2,28.6,16.7,11.5,19.1,15.9,35.6,50.4,49.6,78.6,21.4,54.5,45.5,Magic
2002,82,48.3,76.5,23.5,58.9,25.7,21.1,12.9,20,18.1,33.2,51.5,48.5,79.2,20.8,56.9,43.1,Magic
2001,82,48.4,75.9,24.1,59.9,22.1,22.6,14.9,17.5,17.2,37.8,51.9,48.1,84.5,15.5,58.4,41.6,Magic
2000,82,48.7,80.4,19.6,63.1,25.8,18.4,15.4,18.5,18.9,37.3,54.8,45.2,85.9,14.1,59.8,40.2,Magic
1999,82,48.2,87.6,12.4,70.1,28.4,10.7,19.8,19.2,20.3,41.6,51.9,48.1,73.5,26.5,53.9,46.1,Magic
1997,82,48.4,85.9,14.1,67.1,26.8,11.9,10.6,21,17.6,40.3,58.4,41.6,84.6,15.4,61.1,38.9,Magic
1996,82,48.4,74.4,25.6,58.9,16.9,22,11.9,19.1,19,42,52.5,47.5,87.5,12.5,59.5,40.5,Magic
2019,73,48.1,63.6,36.4,52.7,10.4,30.9,11.1,16.4,15.9,42.3,51.1,48.9,85.9,14.1,60.8,39.2,Magic
2020,72,48.1,64.4,35.6,52.6,12.6,31.4,9.9,16,12.9,40,46.9,53.1,82.7,17.3,57,43,Magic
2011,66,48.4,65.4,34.6,51.6,12,32.3,10.4,16,16,39.7,47.4,52.6,83.6,16.4,58.1,41.9,Magic
1998,50,48.2,82.9,17.1,65.5,26.1,15,14.2,19.6,21.2,39.3,59.9,40.1,85.2,14.8,63.2,36.8,Magic
2021,82,48.3,62.4,37.6,50.6,9.7,31.6,11.1,17.8,14.3,40.9,50.5,49.5,83.5,16.5,60.2,39.8,76ers
2018,82,48.3,65.8,34.2,53.3,10.4,28.2,13,18.4,13.3,42.9,54.6,45.4,93.7,6.3,64.8,35.2,76ers
2017,82,48.2,65.6,34.4,54.4,11.4,30,10.4,15.6,15.4,43,55.6,44.4,95.4,4.6,66.3,33.7,76ers
2016,82,48.4,65.1,34.9,53.7,10.5,29.7,12.6,16.6,16.9,43.3,54.1,45.9,87.7,12.3,63.1,36.9,76ers
2015,82,48.3,67.3,32.7,55.2,10.9,28.7,12.5,16.1,17,44.3,50.1,49.9,86.3,13.7,59.4,40.6,76ers
2014,82,48.3,68.1,31.9,55,10.6,27.5,16,17.5,18.7,44.4,52,48,87.4,12.6,60.9,39.1,76ers
2013,82,48.4,74.2,25.8,62.1,12.3,21.2,17.5,16.7,18.7,49.8,50.7,49.3,88,12,57.6,42.4,76ers
2012,82,48.2,79.1,20.9,66.5,24.8,20.3,13.7,13.1,17.5,41.8,56,44,85.5,14.5,61,39,76ers
2010,82,48.6,81.6,18.4,66.1,24.3,16.4,17.8,17.6,16.6,41.8,55.7,44.3,83.1,16.9,59.6,40.4,76ers
2009,82,48.3,79.4,20.6,65.2,22.5,17.7,19.3,17,16.6,42.7,50.2,49.8,86.5,13.5,55.8,44.2,76ers
2008,82,48.2,83.6,16.4,66.5,20.9,12.8,18,20.7,18.6,45.6,51.6,48.4,80.9,19.1,55,45,76ers
2007,82,48.2,85.7,14.3,69.5,22.9,11.4,18.9,19,18.7,46.6,51.6,48.4,83.1,16.9,54.7,45.3,76ers
2006,82,48.5,87.2,12.8,68,26,10.9,14.7,21,17.8,42,53.5,46.5,88.7,11.3,56.9,43.1,76ers
2005,82,48.5,84.2,15.8,64.5,22,13.8,12.2,21.7,17.4,42.5,50.2,49.8,89.1,10.9,55.1,44.9,76ers
2004,82,48.4,78.4,21.6,60.1,19.8,18.6,15,21.3,18,40.3,52.1,47.9,86.9,13.1,58,42,76ers
2003,82,48.4,84.2,15.8,64.9,24.2,14.1,15.2,21,17.4,40.7,56.7,43.3,92,8,61.1,38.9,76ers
2002,82,48.4,88.1,11.9,68.8,22.2,9.3,16,22,20.2,46.6,56.7,43.3,91,9,59.5,40.5,76ers
2001,82,48.1,88.9,11.1,69.4,26.6,8.6,15.1,22,17.7,42.8,55.8,44.2,89.7,10.3,58.4,41.6,76ers
2000,82,48.4,87.6,12.4,68,23.8,10.1,17.1,21.9,18.7,44.2,55.4,44.6,87.8,12.2,58.3,41.7,76ers
1999,82,48.4,90.5,9.5,71.7,25.7,8,17.3,20.3,20,46,58.7,41.3,88,12,60.7,39.3,76ers
1997,82,48.2,87.4,12.6,67.8,23.6,9.5,16.6,22.7,18.5,44.2,58.1,41.9,90.9,9.1,60.9,39.1,76ers
1996,82,48.2,80.2,19.8,62.6,17.5,15.8,13.8,21.6,16.9,45.1,53.9,46.1,71.6,28.4,56.4,43.6,76ers
2019,73,48.2,64,36,53.2,10.3,31.5,12.2,15.3,14.4,42.9,51.6,48.4,91.3,8.7,62.8,37.2,76ers
2020,72,48.4,65.3,34.7,53,11.4,29.7,13.4,17.2,15.9,41.6,45.2,54.8,89.4,10.6,57.2,42.8,76ers
2011,66,48.2,82.5,17.5,68.7,27.2,16.9,16.4,14.4,17.4,41.5,55.3,44.7,79.9,20.1,58.8,41.2,76ers
1998,50,48.6,90.4,9.6,69.5,26.6,6.6,19.3,23.9,22.4,42.9,54.7,45.3,83.7,16.3,56.4,43.6,76ers
2021,82,48.1,57.8,42.2,48.6,7.4,35.9,11.7,15.5,15.6,41.3,50,50,78.7,21.3,59.5,40.5,Blazers
2018,82,48.4,66.1,33.9,54.6,11.6,28.8,9.6,16.6,13.1,43,47.2,52.8,74.9,25.1,54.4,45.6,Blazers
2017,82,48.2,67.6,32.4,54.9,14.1,29.3,7.6,15.8,13.3,40.8,41.6,58.4,72.1,27.9,49.6,50.4,Blazers
2016,82,48.6,67.8,32.2,54,14.8,28.9,10.5,17.1,13.6,39.2,44.4,55.6,78.9,21.1,53.4,46.6,Blazers
2015,82,48.3,66.8,33.2,53.4,16.3,30.1,10.2,16.5,14,37.2,46.9,53.1,77.2,22.8,55.2,44.8,Blazers
2014,82,48.4,68.4,31.6,56.2,19.3,28.7,9.8,15.1,13.7,36.8,49.5,50.5,77.6,22.4,56.7,43.3,Blazers
2013,82,48.4,71,29,55.7,20.4,26.4,10.2,17.9,13,35.3,52.3,47.7,81.7,18.3,59.4,40.6,Blazers
2012,82,48.4,71.6,28.4,58.4,20.1,25.3,10.2,16.3,15.5,38.3,52.9,47.1,81.6,18.4,59.3,40.7,Blazers
2010,82,48.3,77.2,22.8,61.6,19.5,19.7,10.5,18.7,18.1,42.1,51.5,48.5,93.4,6.6,58.8,41.2,Blazers
2009,82,48.4,78.5,21.5,61.7,24.5,18.3,9.6,20,16.6,37.2,49.4,50.6,91,9,56.3,43.7,Blazers
2008,82,48.4,76.1,23.9,59.4,20.5,21.9,9.2,18.7,15.8,38.9,46.7,53.3,90.1,9.9,55.2,44.8,Blazers
2007,82,48.5,78.2,21.8,61.3,28.7,20.6,8.2,18.1,14.8,32.6,51.6,48.4,92,8,59,41,Blazers
2006,82,48.7,80.7,19.3,63.4,22.9,16.6,6.7,20,16.2,40.5,46.4,53.6,88.5,11.5,52.6,47.4,Blazers
2005,82,48.1,83.4,16.6,66.6,25.1,15,10.6,18.4,15,41.5,48.5,51.5,86,14,53.4,46.6,Blazers
2004,82,48.1,81.9,18.1,65,19.5,16.5,14.4,18.5,15.9,45.5,55.3,44.7,84,16,59.5,40.5,Blazers
2003,82,48.7,83,17,67.7,23.8,15.4,11.7,17,16.3,43.9,57.1,42.9,86.6,13.4,61,39,Blazers
2002,82,48.4,82.3,17.7,66.8,21.5,14.6,12.9,18.6,18.5,45.4,58.5,41.5,88.1,11.9,62.3,37.7,Blazers
2001,82,48.4,80.2,19.8,64.1,24.4,17.6,13.5,18.3,17.7,39.6,60.2,39.8,85.6,14.4,64.1,35.9,Blazers
2000,82,48.2,83.5,16.5,67.4,26,14.1,12.9,18.5,17.3,41.4,62.9,37.1,82.9,17.1,65.3,34.7,Blazers
1999,82,48.2,82.5,17.5,65.4,24.5,15.3,13.8,19.3,16,41,60.4,39.6,84.8,15.2,63.7,36.3,Blazers
1997,82,48.4,83.6,16.4,66.2,19.4,12.6,12.7,21.2,16.4,46.8,59,41,78.7,21.3,61.2,38.8,Blazers
1996,82,48.4,78.3,21.7,61.6,15.4,18.5,13.2,19.9,17.6,46.2,52.7,47.3,78.2,21.8,57,43,Blazers
2019,74,48.2,62.6,37.4,51,12.2,33.6,11.4,15.4,12.4,38.8,40.9,59.1,66.9,33.1,48.8,51.2,Blazers
2020,72,48.1,55.2,44.8,44,10.2,40.6,10,15.3,12.9,33.9,40.5,59.5,69.3,30.7,51.5,48.5,Blazers
2011,66,48.4,74.5,25.5,60,19.9,22.4,11.2,17.7,16.4,40.1,48.3,51.7,87.9,12.1,56.2,43.8,Blazers
1998,50,48.7,82.9,17.1,63.3,23.9,15.6,13.3,21.1,18.8,39.4,57.4,42.6,86.2,13.8,61.4,38.6,Blazers
2021,82,48.3,62.3,37.7,52.7,8.3,31.1,10.6,16.2,14.7,44.4,49.8,50.2,80.7,19.3,58.5,41.5,Kings
2018,82,48.1,67.9,32.1,55.8,10.4,29.7,18.3,14.5,16.9,45.4,50.7,49.3,81.8,18.2,58.8,41.2,Kings
2017,82,48.2,72.2,27.8,60.2,16.2,27.3,10.6,12.4,15.4,44,47.7,52.3,81.7,18.3,55.6,44.4,Kings
2016,82,48.5,70.9,29.1,56.2,14.3,26.2,10.4,17.6,15.8,41.9,50.6,49.4,87.7,12.3,59.4,40.6,Kings
2015,82,48.3,74,26,60,13.6,22.7,16.2,17.3,16.5,46.5,55,45,85.8,14.2,61.2,38.8,Kings
2014,82,48.4,79.6,20.4,61.3,16.8,16.6,14.7,22,15.1,44.5,50.3,49.7,83.7,16.3,55.4,44.6,Kings
2013,82,48.4,78.2,21.8,61.5,17.8,17.9,13,20.6,15,43.8,46.3,53.7,76.2,23.8,51.1,48.9,Kings
2012,82,48.4,75.7,24.3,60.3,14.6,22.3,16.8,17.5,16.3,45.6,49.1,50.9,80.7,19.3,55.3,44.7,Kings
2010,82,48.4,81.7,18.3,66.4,21.1,15.8,15.4,17.9,17.1,45.3,48,52,87.9,12.1,53.4,46.6,Kings
2009,82,48.5,79.9,20.1,64.9,20.2,17.6,15,17.4,16.2,44.8,47.1,52.9,88.2,11.8,53.4,46.6,Kings
2008,82,48.5,76.2,23.8,58.3,20.9,21.3,12,20.4,15.7,37.4,48.1,51.9,79,21,54.1,45.9,Kings
2007,82,48.4,79.2,20.8,60.3,20.7,18.2,12.5,21.6,17.3,39.6,45.1,54.9,83.3,16.7,51.5,48.5,Kings
2006,82,48.3,76.8,23.2,58.1,20.1,19.1,11.5,22.8,18.4,38,50.2,49.8,85.8,14.2,56.6,43.4,Kings
2005,82,48.4,78.3,21.7,60.7,23.8,18.3,10.9,21,17,36.9,56.6,43.4,87.4,12.6,61.8,38.2,Kings
2004,82,48.4,80,20,63,27.7,18.4,11.6,18.5,16.1,35.4,58.2,41.8,85.2,14.8,62.6,37.4,Kings
2003,82,48.2,77.7,22.3,59.3,23.6,21.4,11.9,19.3,16.5,35.7,65.3,34.7,86.2,13.8,69.4,30.6,Kings
2002,82,48.4,81.6,18.4,66,25.9,17.7,13.8,16.4,17,40,58.3,41.7,87.4,12.6,62.7,37.3,Kings
2001,82,48.2,83.4,16.6,66.2,24.8,14.9,16.3,18.9,16.8,41.4,56,44,86.6,13.4,60,40,Kings
2000,82,49,80.6,19.4,63.6,20.5,17.2,16.2,19.2,17.7,43.1,55.4,44.6,79.7,20.3,59.1,40.9,Kings
1999,82,48.3,77.3,22.7,63.7,20.5,18.6,15.8,17.7,18.2,43.2,57.6,42.4,69.9,30.1,59.6,40.4,Kings
1997,82,48.1,87.9,12.1,70,25.4,11.1,14.1,18.9,17.2,44.7,59.6,40.4,85.9,14.1,62.1,37.9,Kings
1996,82,48.3,84,16,65.4,24.4,15.7,13.5,18.9,17,41,56.8,43.2,80,20,60,40,Kings
2020,72,48.1,62.4,37.6,53.6,6.7,32,12.4,14.4,14.4,46.9,51.6,48.4,80.5,19.5,59.9,40.1,Kings
2019,72,48.5,60.5,39.5,51.2,8.5,34.6,11.6,14.2,15.8,42.7,47.1,52.9,82.8,17.2,58.2,41.8,Kings
2011,66,48.2,77.2,22.8,63.8,14.7,18.9,18.9,17.3,18.2,49.1,45.6,54.4,78.3,21.7,51,49,Kings
1998,50,48.8,78.1,21.9,65,15.9,17.4,16.4,17.6,17.9,49.2,56.6,43.4,71.4,28.6,58.9,41.1,Kings
2021,82,48.3,65.5,34.5,56.5,9.4,29.9,12,13.6,14.6,47.1,55.1,44.9,91.2,8.8,64.6,35.4,Spurs
2018,82,48.3,71.4,28.6,58,19.3,26.6,9.3,15.4,12.6,38.7,49.4,50.6,86.5,13.5,58,42,Spurs
2017,82,48.1,71.8,28.2,59.5,16.9,24.8,10,15.7,15.9,42.6,49.6,50.4,89.7,10.3,58.3,41.7,Spurs
2016,82,48.3,71.9,28.1,57.2,19.6,26.2,11.5,16.7,16.4,37.6,52.5,47.5,87.4,12.6,60.6,39.4,Spurs
2015,82,48.1,77.7,22.3,64.1,22,20.1,10,15.8,15.5,42.1,54.9,45.1,90.5,9.5,61.1,38.9,Spurs
2014,82,48.7,73.1,26.9,59.8,16.2,24,10.6,16.2,15.6,43.6,54.4,45.6,92,8,62.3,37.7,Spurs
2013,82,48.2,74.3,25.7,60.8,17.2,24.2,12.6,14.9,15.6,43.6,55.4,44.6,87.2,12.8,62.1,37.9,Spurs
2012,82,48.5,73.6,26.4,60.3,17,23.5,13.3,16.2,16.9,43.3,57.2,42.8,90.5,9.5,64.1,35.9,Spurs
2010,82,48.2,73.9,26.1,57.9,17.1,24.2,14.7,17.9,15.3,40.8,50.7,49.3,85.8,14.2,58.3,41.7,Spurs
2009,82,48.2,76.8,23.2,62.5,19.7,20,12.4,17.5,14.5,42.7,51.4,48.6,89.2,10.8,58.1,41.9,Spurs
2008,82,48.5,75.2,24.8,60.7,24.5,23.6,9.7,15.7,13.8,36.2,48.9,51.1,88.5,11.5,57.1,42.9,Spurs
2007,82,48.1,74.9,25.1,59.9,22.1,22.8,9.9,17.3,15.1,37.8,49.8,50.2,92.8,7.2,58.5,41.5,Spurs
2006,82,48.2,75.3,24.7,59.5,19.1,22.1,11.8,18.4,17.1,40.5,52.3,47.7,93.4,6.6,60.5,39.5,Spurs
2005,82,48.3,78.5,21.5,63,18.9,20.1,9.9,16.9,16.2,44.1,50.4,49.6,90.1,9.9,57.4,42.6,Spurs
2004,82,48.3,78.4,21.6,61.3,17.4,19.3,13.3,19.5,16.8,43.9,53.6,46.4,93.7,6.3,60.6,39.4,Spurs
2003,82,48.2,82.3,17.7,64.9,21.8,16.3,10.2,18.8,17.9,43.1,54.3,45.7,86.8,13.2,59,41,Spurs
2002,82,48.4,79.8,20.2,62.6,17.2,17.1,12.3,20.3,17.1,45.4,49.9,50.1,90.9,9.1,56.3,43.7,Spurs
2001,82,48.4,81,19,62.4,19.7,16.6,12,21,17.6,42.7,50.7,49.3,88.6,11.4,56.4,43.6,Spurs
2000,82,48.4,82.5,17.5,61.9,23.8,16.9,11.8,21.2,16.3,38,56.9,43.1,87.6,12.4,61.7,38.3,Spurs
1999,82,48.4,86.2,13.8,66.5,25.7,12.6,13.6,20.9,16.1,40.8,58.8,41.2,83.9,16.1,61.6,38.4,Spurs
1997,82,48.4,86.1,13.9,68.4,21.6,11.9,11.7,19.6,14.2,46.8,60.2,39.8,91.7,8.3,63.5,36.5,Spurs
1996,82,48.1,81.5,18.5,66,19.4,15.3,12.8,18.7,17,46.6,55.3,44.7,81,19,58.8,41.2,Spurs
2020,72,48.6,68.6,31.4,57.5,14.4,26.9,10.6,15.7,14.2,43,49.2,50.8,87.7,12.3,58.4,41.6,Spurs
2019,71,48.5,68.2,31.8,55.2,17,28.2,11.7,16.6,13.8,38.2,48.1,51.9,88.8,11.2,58.5,41.5,Spurs
2011,66,48.3,74.3,25.7,60.2,16.5,24.2,13.2,15.6,15.4,43.6,50.8,49.2,87.3,12.7,58.5,41.5,Spurs
1998,50,48.3,86.3,13.7,67.6,23,11.1,14.4,21.3,17.1,44.6,59.8,40.2,95.3,4.7,63.3,36.7,Spurs
2021,82,48.4,62.5,37.5,52.5,9.4,32.7,14.5,14.8,17.3,43.1,43.4,56.6,80.4,19.6,54.3,45.7,Raptors
2018,82,48.5,62.1,37.9,52.1,9.7,32.4,16,15.4,15.1,42.4,49.9,50.1,85.2,14.8,60.3,39.7,Raptors
2017,82,48.4,62.3,37.7,52.8,9.2,31.7,11.9,15.5,15.4,43.6,49.9,50.1,81.6,18.4,59,41,Raptors
2016,82,48.2,71.1,28.9,56.7,15.8,24.8,11.4,18.4,16.2,40.9,37.2,62.8,81.8,18.2,47.2,52.8,Raptors
2015,82,48.2,71.3,28.7,54.6,13.6,25.2,10.7,20.2,16.3,41,40,60,87,13,51.1,48.9,Raptors
2014,82,48.4,69.8,30.2,55.9,14.5,25.5,11.5,18.6,15.7,41.3,47.6,52.4,78.2,21.8,54.7,45.3,Raptors
2013,82,48.7,71.5,28.5,54.9,16.5,25.8,9.5,19.4,16.6,38.4,50.1,49.9,83.5,16.5,58.1,41.9,Raptors
2012,82,48.7,75.1,24.9,60.4,20.8,21.5,10.2,18.1,17.4,39.6,54.1,45.9,80.9,19.1,59.2,40.8,Raptors
2010,82,48.2,83.8,16.2,68.9,23.3,12.7,18.2,18.4,16,45.6,53.4,46.6,87.2,12.8,57.1,42.9,Raptors
2009,82,48.2,78.9,21.1,62.8,22.2,18.2,14.2,19,14.9,40.6,51,49,84.2,15.8,56.4,43.6,Raptors
2008,82,48.3,80.7,19.3,63.4,28.6,17.7,9.5,18.9,15.2,34.8,54.3,45.7,91,9,60.1,39.9,Raptors
2007,82,48.4,78.3,21.7,62.7,28.5,20.9,7.9,16.4,16.6,34.2,54.9,45.1,94.4,5.6,62,38,Raptors
2006,82,48.2,77.6,22.4,61.3,25.8,19.5,12.6,19.1,16.8,35.5,53.6,46.4,90.6,9.4,60.1,39.9,Raptors
2005,82,48.7,75.6,24.4,58,22.9,22,10.8,19.9,16.1,35.2,44.9,55.1,84.2,15.8,52.9,47.1,Raptors
2004,82,48.3,74.7,25.3,56.3,22.2,23.8,11.7,19.9,15.5,34.2,48.8,51.2,84.3,15.7,56.6,43.4,Raptors
2003,82,48.7,79.6,20.4,62.6,27.1,19.7,10.9,17.7,17.8,35.5,51.9,48.1,94.4,5.6,59.3,40.7,Raptors
2002,82,48.3,82.1,17.9,65.4,27,16.5,16.7,18.1,15.2,38.5,51,49,82.9,17.1,55.6,44.4,Raptors
2001,82,48.2,83.5,16.5,67.6,28.8,15.5,18.1,16.9,17.1,38.7,57.1,42.9,85.8,14.2,60.9,39.1,Raptors
2000,82,48.7,83.3,16.7,65.4,29.9,16.1,17,18.5,15.6,35.5,63,37,82.8,17.2,65.7,34.3,Raptors
1999,82,48.2,83,17,64.1,31.9,16,18.2,19.9,16.8,32.3,61.7,38.3,87.3,12.7,65.3,34.7,Raptors
1997,82,48.6,84.1,15.9,66.6,21.7,14.3,20.7,19,18.7,45,56.9,43.1,72.8,27.2,58.9,41.1,Raptors
1996,82,48.4,75.5,24.5,59,16.2,22.6,18.4,18.5,18.6,42.8,55.4,44.6,74,26,59.2,40.8,Raptors
2020,72,48.1,55.6,44.4,45.4,6.2,39,12.3,15.6,16.7,39.2,48.3,51.7,82.2,17.8,60.7,39.3,Raptors
2019,72,48.3,57.9,42.1,46.9,5.4,36.8,16.7,16.4,17.3,41.5,53,47,81.1,18.9,62.7,37.3,Raptors
2011,66,48.4,79.1,20.9,63.6,22.8,18.3,10.7,18.1,16.6,40.8,56.2,43.8,85.8,14.2,60.9,39.1,Raptors
1998,50,48.3,83.2,16.8,62.9,24.7,14.9,19.9,22.2,17.9,38.2,59.1,40.9,83.6,16.4,62.4,37.6,Raptors
2021,82,48.1,53.2,46.8,45.8,3.7,38.4,8.9,15.8,13,42.1,45.4,54.6,72.7,27.3,55.2,44.8,Jazz
2018,82,48.2,60.6,39.4,50.7,6.1,32.5,9.5,16.8,14.7,44.6,55.6,44.4,84.8,15.2,64.4,35.6,Jazz
2017,82,48.2,64.3,35.7,52.7,10.1,31.2,9.8,16.1,16.1,42.6,50,50,80.5,19.5,58.6,41.4,Jazz
2016,82,48.2,67.3,32.7,54.3,11.8,28.7,8.1,17,14.6,42.5,45.4,54.6,80,20,54.4,45.6,Jazz
2015,82,48.7,70.3,29.7,56.5,13.8,26,9.5,17.5,15.9,42.7,43.4,56.6,82.3,17.7,52.6,47.4,Jazz
2014,82,48.1,72.6,27.4,58.7,15,23.5,12.8,17.8,16,43.7,47.3,52.7,90,10,56.3,43.7,Jazz
2013,82,48.2,76.3,23.7,61.8,18.1,20.9,13,17.3,14.5,43.7,48.6,51.4,91,9,56.4,43.6,Jazz
2012,82,48.5,79.4,20.6,63.2,19.4,18.9,14.5,17.9,17.8,43.8,55.4,44.6,89.3,10.7,61,39,Jazz
2010,82,48.5,80.9,19.1,64.5,20.9,16,14.1,19.5,16,43.6,58.8,41.2,86.2,13.8,62.7,37.3,Jazz
2009,82,48.2,81.6,18.4,65.2,18.6,15.4,14.7,19.4,17.6,46.6,65.2,34.8,84.1,15.9,67.8,32.2,Jazz
2008,82,48.5,83.1,16.9,64.8,21.3,13.8,12.4,21.4,18.5,43.5,60.9,39.1,89.3,10.7,64.4,35.6,Jazz
2007,82,48.1,83.4,16.6,65.9,21.4,14,10.7,20,17.6,44.5,62.9,37.1,88.2,11.8,66,34,Jazz
2006,82,48.3,83.7,16.3,65.2,22.7,12.8,9.2,22,16.1,42.5,63.2,36.8,86.7,13.3,65.9,34.1,Jazz
2005,82,48.5,85.1,14.9,64.3,23.6,12.3,11,23.4,16.2,40.7,62,38,84.6,15.4,64.6,35.4,Jazz
2004,82,48.2,87.9,12.1,67.6,27.6,9.8,10.6,22.5,16.6,40,62.5,37.5,86,14,64.6,35.4,Jazz
2003,82,48.2,87.3,12.7,67.1,26.6,10.4,13.3,22.5,18.7,40.5,59.8,40.2,84.5,15.5,62.1,37.9,Jazz
2002,82,48.2,89.6,10.4,68.8,27.4,8.7,12.3,22.5,18.8,41.4,71.3,28.7,88.4,11.6,72.7,27.3,Jazz
2001,82,48.4,86.8,13.2,65.8,23.8,10.7,13,23.5,19.6,42,67.8,32.2,87.1,12.9,69.7,30.3,Jazz
2000,82,48.2,86.5,13.5,66.2,22.6,12.3,11.8,21.5,18,43.6,69.3,30.7,87.4,12.6,71.3,28.7,Jazz
1999,82,48.2,86.6,13.4,66.5,28.9,12.5,11.3,21,17.4,37.6,67.1,32.9,83.6,16.4,68.9,31.1,Jazz
1997,82,48.2,89,11,66.3,24.7,9,13.1,24.7,16.3,41.6,68.1,31.9,80.7,19.3,69.2,30.8,Jazz
1996,82,48.4,85.5,14.5,66.2,22.1,11.9,13.6,22,18.7,44.1,68.8,31.2,82,18,70.2,29.8,Jazz
2020,72,48.2,51.2,48.8,42.1,4.2,43.1,10.2,14.7,12.1,38,44.4,55.6,76.3,23.7,57.3,42.7,Jazz
2019,72,48.2,58.6,41.4,48,5.7,36.1,9.4,15.9,12.8,42.3,45.2,54.8,77.5,22.5,56,44,Jazz
2011,66,49,84.7,15.3,68.4,18.5,12.5,16.9,19.1,16.7,50,52.9,47.1,90.8,9.2,57,43,Jazz
1998,50,48.7,89.3,10.7,66.2,24.3,9,13.4,24.8,17.7,41.9,70.3,29.7,84.3,15.7,71.5,28.5,Jazz
2021,82,48.4,64.4,35.6,55.4,10.2,29,9,15.6,12.9,45.2,53.2,46.8,86,14,61.7,38.3,Wizards
2018,82,48.6,63,37,54,10.1,29.8,12.4,16.1,15.5,43.9,53.3,46.7,86.8,13.2,62.3,37.7,Wizards
2017,82,48.4,69,31,56.3,16.7,27.9,10.9,15.8,16.2,39.6,54.8,45.2,88,12,63.1,36.9,Wizards
2016,82,48.4,71.6,28.4,58.8,17.6,25.3,14.6,15.9,16.2,41.2,49.6,50.4,86,14,57.7,42.3,Wizards
2015,82,48.2,71.8,28.2,59.3,18.5,24.9,17.8,15.8,16.8,40.7,54.8,45.2,87.3,12.7,61.9,38.1,Wizards
2014,82,48.7,79.7,20.3,65.4,23.3,18.5,15.7,16.2,15.4,42.1,57.8,42.2,89.1,10.9,62.7,37.3,Wizards
2013,82,48.9,75.4,24.6,61.3,20.3,23.5,15.6,15.2,18.1,41,52.5,47.5,90,10,60.1,39.9,Wizards
2012,82,48.4,77.7,22.3,61.9,22.6,21.4,15.2,16.7,16.7,39.3,54.3,45.7,90.1,9.9,61,39,Wizards
2010,82,48.6,82.8,17.2,66.6,23.8,14.7,16.9,18.7,17.5,42.7,46.8,53.2,89,11,52.2,47.8,Wizards
2009,82,48.4,81.7,18.3,65.3,26,16.4,11.2,18.3,15.5,39.3,47.4,52.6,77.5,22.5,51.8,48.2,Wizards
2008,82,48.1,82,18,66,22.9,15,11.1,19,15.9,43.1,50.6,49.4,82.5,17.5,54.8,45.2,Wizards
2007,82,48.5,75.9,24.1,59.5,20,21.3,10.4,19.2,15.7,39.5,47.4,52.6,80.5,19.5,53.8,46.2,Wizards
2006,82,48.4,76.3,23.7,58.6,21.4,19.7,14.7,21.7,18.2,37.3,48.7,51.3,78.1,21.9,54.1,45.9,Wizards
2005,82,48.4,79.1,20.9,59.5,20.2,17.9,15.2,22.7,18.3,39.2,46.3,53.7,75.7,24.3,51.2,48.8,Wizards
2004,82,48.2,78,22,59.5,19.3,18.7,15.5,21.8,18.9,40.2,47.8,52.2,76.3,23.7,52.7,47.3,Wizards
2003,82,48.4,80.6,19.4,61.7,19.7,17.3,14.9,21,18.7,42,51.1,48.9,80.6,19.4,55.7,44.3,Wizards
2002,82,48.4,87.3,12.7,68.3,34.9,10.1,9.5,21.6,16.6,33.5,54.1,45.9,89.3,10.7,57.2,42.8,Wizards
2001,82,48.1,88.2,11.8,69.2,34,12,9.1,18.8,15.3,35.2,56.1,43.9,78.4,21.6,58.4,41.6,Wizards
2000,82,48,86.9,13.1,66.9,26.3,10.8,13.6,22.3,17,40.7,56.3,43.7,75.3,24.7,58.1,41.9,Wizards
1999,82,48.3,86.7,13.3,67.5,26.9,12.7,11.5,19.8,16.6,40.7,55.8,44.2,83.3,16.7,58.8,41.2,Wizards
1997,82,48.3,86.1,13.9,69.3,27.1,12,12.4,18.7,18.8,42.2,58.9,41.1,85.3,14.7,61.7,38.3,Wizards
1996,82,48.4,85,15,70.6,21.6,12.2,14.6,17.2,18.9,49,57,43,84.9,15.1,59.9,40.1,Wizards
2020,72,48.3,68.1,31.9,56.6,11.3,26.2,9.6,17.3,15.4,45.2,50.1,49.9,88,12,59,41,Wizards
2019,72,48.2,64.2,35.8,51.6,11.7,31.5,11.7,16.9,16.2,39.9,50.9,49.1,83.2,16.8,60.2,39.8,Wizards
2011,66,48.1,80.4,19.6,67,21,16.7,19.2,16.3,18.6,46,46.7,53.3,85.8,14.2,52.3,47.7,Wizards
1998,50,48.2,85.4,14.6,69.7,29.8,11.8,11.5,18.5,19.7,39.9,57.8,42.2,81,19,60.2,39.8,Wizards